sector,label,delta_p_pct,delta_y_pct,supply_shock,demand_shock,va_share,domar_weight,leontief_multiplier,supply_contribution_gdp_pct,demand_contribution_gdp_pct,total_contribution_gdp_pct,bf_supply_contrib_pp,bf_demand_contrib_pp,bf_total_contrib_pp
FOODSVC,Food services and drinking places,-40.99008997381882,-37.2670334110663,0.26083276609392303,-0.7204595114970741,0.02080086472801441,0.04011143086738816,1.6634805512112,-0.3502898416875083,-0.4248966791104753,-0.7751865207979837,1.7403958105706367,-2.111075778523264,-0.37067996795262725
REALE,Real estate,1.0189208543786876,-5.2973708206686805,-0.11613662495716048,-0.12224506197293011,0.11963172326751957,0.164395458270697,3.7598467928403143,-0.5338772384780336,-0.09985636158563503,-0.6337336000636686,-7.178424956152002,-1.342652104967674,-8.521077061119676
RETAIL,Retail trade,-12.815922676112706,-8.196179651290175,0.10083862792349316,-0.21012102327402882,0.058590745267941606,0.09096670590897846,1.3343060773833673,-0.20021624019940948,-0.2800040339196196,-0.48022027411902907,1.2239533354239862,-1.7117086551358593,-0.48775531971187325
WHOLE,Wholesale trade,-2.5,-7.852117581499001,-0.0011737252716633347,-0.1231514697687375,0.060611962728785516,0.08617230224630357,4.166376513944443,-0.03133007598055038,-0.4446021822113085,-0.47593225819185886,-0.042139819012961224,-0.5980022360234001,-0.6401420550363612
ADMIN,Administrative and support services,-2.0,-16.2903722237115,-0.034301240745704994,-0.20100413581901666,0.028454501594364457,0.044972033061120985,3.634382700013126,-0.4152945180058651,-0.04823990440652421,-0.46353442241238935,-0.560638615210232,-0.06512282737131085,-0.6257614425815428
AMBULAT,Ambulatory health care services,-29.243477824692437,-12.5453372199961,0.16698140604696338,-0.6060682087468269,0.03492172106866385,0.0550528385142832,1.0421518334124662,-0.10278375776430276,-0.3353210093447278,-0.43810476710903057,0.9580293772287184,-3.125468310770454,-2.1674389335417357
ACCOMM,Accommodation,-80.0,-48.6923841194636,0.5565380794026821,-1.1246158941297573,0.008261011160939274,0.01349440977245558,1.2145964302903032,-0.17631989751596966,-0.22592843114766134,-0.402248328663631,0.9121804900159186,-1.1688272845901337,-0.2566467945742151
OTHSVC,"Other services, except government",-72.97199656573773,-17.175392163463098,0.6610183970035249,-0.9014738872920083,0.022268653598389147,0.036773006789396746,1.8217893515244494,-0.25877727826821123,-0.12369558023643606,-0.3824728585046473,4.428338878364205,-2.1167466893097684,2.311592189054436
CONST,Construction,-1.5,-9.13858322414812,-0.0306929161207406,-0.1292322903018515,0.04059067718436025,0.07498946312326,1.7097995515280338,-0.1254806262935011,-0.24546065528030528,-0.3709412815738064,-0.39353521044208084,-0.7698193217895102,-1.163354532231591
MOVIE,Motion picture and sound recording industries,-5.0,-53.834260361066896,-0.30889506907377934,-0.4088950690737793,0.006379342864812953,0.008545265657366383,1.2585191527899708,-0.21741856491629122,-0.12600863980056373,-0.3434272047168549,-0.33219751059951386,-0.19253073660887518,-0.524728247208389
SLGOV,State and local general government,0.0,-4.0,-0.13333333333333333,-0.19999999999999998,0.08195494574548029,0.11804722760662817,1.0,-0.13255737790315483,-0.19526240507876638,-0.32781978298192116,-1.5739630347550424,-2.3185115195615906,-3.8924745543166326
AMUSE,"Amusements, gambling, and recreation industries",-51.402443311259674,-54.087644005652805,0.2435862130843327,-0.8145113442551123,0.004661230403377478,0.008184001311995008,1.0411475034677486,-0.06481150264495886,-0.18730346804124753,-0.2521149706862064,0.2075537842473576,-0.5998247534481248,-0.39227096920076726
PERFORM,"Performing arts, spectator sports, museums",-80.0,-44.435340892291094,0.5037643940513927,-1.0468630049571728,0.0056395160654520516,0.009388160353910432,1.3440808021391266,-0.13498511128252913,-0.11560870755338498,-0.25059381883591414,0.6356723852980593,-0.5444249531925791,0.09124743210548016
MOTVEH,"Motor vehicles, bodies, trailers, and parts",3.444680857013569,-25.126425334401496,-0.16007893524214317,-0.2168174447738793,0.009045469298241238,0.03759267101314912,2.014611008116676,-0.16619971121544383,-0.061080597721435745,-0.22728030893687956,-1.2123515545303827,-0.44555527237490467,-1.6579068269052872
RENTAL,Rental and leasing services,-2.0,-19.8037116033497,-0.0790185580167485,-0.24004124003721886,0.011394574625648418,0.019637733251411268,2.392661455868633,-0.1905940489311312,-0.035060820798056475,-0.22565486972918763,-0.37128013223496237,-0.06829901696916257,-0.43957914920412494
MISCPROF,"Misc. professional, scientific, and technical svcs",-9.990032550247246,-4.7295684469212,0.08413509734606847,-0.15245108602381913,0.04350524215855114,0.07141036247632183,5.416743000401188,-0.1977880282699101,-0.00797299231883932,-0.20576102058874943,3.254443003041227,-0.1311891791041002,3.1232538239371266
OTRTRANS,Other transportation equipment,-2.0,-25.126425334401496,-0.10563212667200748,-0.2991825037155722,0.007268698506940368,0.01884673288072167,1.4240331819635657,-0.0830488105163837,-0.09958759979652909,-0.18263641031291278,-0.2834994415746537,-0.33995705362337886,-0.6234564951980325
EDUC,Educational services,-18.689474604244438,-13.138715161807198,0.0993033116303964,-0.3745906769254044,0.011213332583748627,0.018239469471444093,1.070585663368114,-0.03626597726351975,-0.11106280556896501,-0.14732878283248477,0.193908727811403,-0.5938361230018886,-0.39992739519048565
AIRTRANS,Air transportation,-80.0,-25.707912395841,0.54292087604159,-0.97138608263894,0.005306139375961861,0.010457981840756053,1.3469489558946526,-0.07866967123039917,-0.05774009500695076,-0.13640976623734993,0.7647783103422462,-0.5613138024829205,0.20346450785932577
CHEM,Chemical products,1.1654914345043415,-5.6372047937962595,-0.039840938314024715,-0.06887658270918888,0.020919345683517575,0.04595264731474031,3.887932585199191,-0.1013651691856165,-0.016561466584589887,-0.11792663577020637,-0.7118013707595909,-0.11629709407492414,-0.828098464834515
COMPELEC,Computer and electronic products,4.270567030293888,-7.13025598848565,-0.07122669425688147,-0.016713129601108205,0.015423647867281814,0.02145675134645262,2.128946407904629,-0.10658646052402986,-0.003388097045950237,-0.10997455756998008,-0.3253654888709197,-0.010342494218101834,-0.33570798308902156
FOOD,"Food, beverage, and tobacco products",8.072316132061347,-7.62169264226169,-0.10612880346148577,-0.04630504938374805,0.014278036269920132,0.05241471062204775,2.009315184672329,-0.0964754192295268,-0.012347384754869038,-0.10882280398439584,-1.1177238719987963,-0.14305163747914837,-1.2607755094779447
PETRO,Petroleum and coal products,-31.657640504675495,-11.545275590551201,0.23960790110974695,-0.5474819168577789,0.008968958433199418,0.02765446407077499,2.468066459276546,-0.07666539163458264,-0.02688370523690294,-0.10354909687148557,1.6353971306154478,-0.5734730295815816,1.0619241010338663
MACH,Machinery,-2.0,-11.9391962056159,-0.0277567848224636,-0.15265773561795443,0.008490765526688045,0.021614153046346625,1.9644008401771138,-0.041505274752171986,-0.05986764080683621,-0.1013729155590082,-0.11785214520397386,-0.16999116231648106,-0.28784330752045495
SOCIALAS,Social assistance,-13.847939597655099,-15.5001490850019,0.06097865055154149,-0.39681521405991593,0.006456851697659666,0.00993726441722506,1.0008183705601665,-0.013662857823841662,-0.08641930610963078,-0.10008216393347243,0.060645687495824115,-0.38359165406707,-0.3229459665712459
FABMETAL,Fabricated metal products,-2.0,-11.8485860154466,-0.0273943440617864,-0.16810732519308247,0.00827093539633238,0.020791051377932957,2.587352277721862,-0.07644824700286108,-0.021550642468785026,-0.0979988894716461,-0.1473645157143796,-0.041541828822149365,-0.188906344536529
OILGAS,Oil and gas extraction,-30.0,-7.78340727297171,0.2481106181801886,-0.4556681454594342,0.011430667794592057,0.014160885938156823,2.756860308884494,-0.08896954284735131,-0.0,-0.08896954284735131,0.9686135414402793,-0.0,0.9686135414402793
HOSPITAL,Hospitals,-19.927136397424977,-3.56097510553346,0.15475917515508153,-0.31797053415869847,0.022856401192815474,0.04448724247856615,1.002377270149332,-0.027057046622702648,-0.05433402902699853,-0.08139107564970118,0.6901176001709848,-1.385844887012557,-0.6957272868415724
MISCMFG,Miscellaneous manufacturing,-36.35886584175253,-17.5918283789369,0.29322134490177776,-0.5395069422068943,0.004608171781750651,0.009268958643881511,1.2091781886209156,-0.04462766947836493,-0.03643849764685238,-0.08106616712521732,0.32863728230570927,-0.26833238163534257,0.06030490067036667
MINE_SUP,Support activities for mining,-5.0,-25.035980252698497,-0.07517990126349249,-0.4076568607528357,0.003097193082486364,0.004266811349821314,1.0878880363048642,-0.014272062062580375,-0.06326920278934262,-0.07754126485192299,-0.03489710445753403,-0.15470168003777615,-0.18959878449531017
BROADCAST,Broadcasting and telecommunications,-3.9715206337469637,-3.29872514501539,0.023221580612392687,-0.09469395875439282,0.022873477530810316,0.04689910889236995,1.956147182855,-0.03330661550034899,-0.04214669998447954,-0.07545331548482853,0.21303840249677,-0.2695820485005474,-0.056543646003777384
TRANSIT,Transit and ground passenger transportation,-80.0,-39.366535416035696,0.30791830729955383,-1.456108923600595,0.001902071193470807,0.003220054007799895,1.1147655451983653,-0.028274256159225186,-0.04660369684236462,-0.07487795300158981,0.11053051760172014,-0.182184482772309,-0.07165396517058885
MGMT,Management of companies and enterprises,-1.0,-3.6227951137966397,-0.008113975568983198,-0.06175421591138057,0.019751058039922484,0.034970399720480314,3.67980296514479,-0.06790642805135494,-0.0036476085079900733,-0.07155403655934502,-0.10441402973709424,-0.005608622249053109,-0.11002265198614734
LEGAL,Legal services,-1.5,-4.745164028611399,-0.003980656114445598,-0.08278805755159142,0.013411744772616916,0.017833462902820004,1.8107564045709188,-0.011559422817119323,-0.05208150603881943,-0.06364092885593876,-0.012854357480968295,-0.05791589315157788,-0.07077025063254617
TRUCK,Truck transportation,-16.505899085211244,-7.195636278372371,0.13627644573862294,-0.26785379482886057,0.008085479712589709,0.018512857207329033,1.8222691943815759,-0.03844788881308736,-0.019732282334866954,-0.05818017114795432,0.4597341687056747,-0.23594544969652076,0.22378871900915392
PMETAL,Primary metals,-5.0,-15.7178137834191,-0.05478542522279399,-0.24647267229273873,0.0031005196418360083,0.012629227128268913,3.587886060612025,-0.04873339036221166,-0.0,-0.04873339036221166,-0.24824496771187277,-0.0,-0.24824496771187277
COMPDES,Computer systems design and related services,1.0,-3.0317696941570897,-0.017579424235392726,-0.02789712117696362,0.014758058784073809,0.01958018377466242,1.7368042080208537,-0.03195214866190441,-0.012790886704239392,-0.0447430353661438,-0.05978225231891978,-0.023931661824271817,-0.0837139141431916
NURSING,Nursing and residential care facilities,-10.672565342552423,-5.68686793992629,0.04985697402626132,-0.24889735192368145,0.0077796025803899115,0.012865135628814526,1.0061503130334695,-0.007715078976869304,-0.03652649352291792,-0.044241572499787225,0.06453616465823145,-0.30554188848231517,-0.2410057238240837
MINE,"Mining, except oil and gas",-5.0,-11.158745883797499,-0.02439163922531666,-0.23597909806329165,0.0036460199325218526,0.006508247039611672,1.7567050520475496,-0.01672991408147742,-0.02395509583279444,-0.04068500991427186,-0.02788713297627992,-0.03993080536428391,-0.06781793834056384
OTHERTRANS,Other transportation and support activities,9.718863676734136,-5.94583726276129,-0.12691782308114782,0.022865670982825242,0.006564853991211452,0.01254894616263083,2.2368373965855386,-0.0387588336290563,-0.0002747198564759326,-0.03903355348553223,-0.3562577209994553,0.002525129391614155,-0.35373259160784115
PLASTIC,Plastics and rubber products,-2.0,-9.84953765746448,-0.019398150629857922,-0.143119220718306,0.003924508392742911,0.012503261414229049,1.858957877962139,-0.02670180121827631,-0.01195279198308039,-0.0386545932013567,-0.04508719193629459,-0.020182826690615958,-0.06527001862691055
PUBLISH,Publishing industries (including software),1.0,-3.36660584594468,-0.018416514614861698,-0.03208257307430849,0.011379217009984226,0.01809626109144191,1.2343359210588885,-0.0181379521040027,-0.02017138640408334,-0.03830933850808604,-0.04113672026016759,-0.04574853186327505,-0.08688525212344263
PRINT,Printing and related support activities,-3.0,-17.0018576222435,-0.038007430488973995,-0.24252322027804374,0.002146296092390529,0.004869972002567661,1.2046762604649919,-0.013391938969119168,-0.023099081608882185,-0.036491020578001354,-0.022297969984801342,-0.0384606463320232,-0.06075861631682454
NMMIN,Nonmetallic mineral products,-2.0,-13.273146369573599,-0.04636573184786799,-0.20961637670819427,0.0026630770873577775,0.006327393096302674,1.4646551843916646,-0.031357176716692525,-0.003990235257264993,-0.03534741197395752,-0.04296920599856162,-0.005467878766677049,-0.04843708476523867
ELECEQUIP,"Electrical equipment, appliances, and components",3.7697899251579634,-9.52668743231326,-0.07580464898083267,-0.05756897507155297,0.003122197720264524,0.006741549735333394,1.4534008237192497,-0.027658971357607077,-0.0020852304252340723,-0.02974420178284115,-0.07427471360594559,-0.005599625909228475,-0.07987433951517406
FURN,Furniture and related products,-2.55690015763589,-18.096862673981,-0.046818449119565106,-0.17637619052620057,0.0015571069889126887,0.004198173341906986,1.141417393552572,-0.009231108125297736,-0.01894764322175125,-0.028178751347048985,-0.022434783159157385,-0.04604932162934198,-0.06848410478849937
UTIL,Utilities,6.2813537894865865,-1.6860916460123099,-0.09653537081511207,0.020661246744558118,0.015764065774062086,0.022278189735191464,1.9332553208566507,-0.02553582646503562,-0.0010438331437990422,-0.02657965960883466,-0.4157723284309791,0.01699560957171282,-0.3987767188592663
FOREST,"Forestry, fishing, and related activities",-2.0,-11.6175760502173,-0.0380878802510865,-0.21362626750362165,0.0021355956598158397,0.0030093719156557533,1.6073230587580896,-0.02481044499042451,-0.0,-0.02481044499042451,-0.018423232881501616,-0.0,-0.018423232881501616
CREDIT,"Federal Reserve banks, credit intermediation",-1.8172093335152826,-0.840763618424056,0.013968275243032546,-0.03218482030888709,0.02791837111251344,0.04188215840920384,2.336280835553762,-0.015455737226902936,-0.0080170134901595,-0.023472750717062438,0.13667745572267972,-0.07089568037052928,0.06578177535215046
FARM,Farms,-3.0,-3.0,0.015,-0.09,0.007579953576755424,0.021758581164777017,1.951565928937978,-0.014073310278431454,-0.008666550451834815,-0.02273986073026627,0.06369495849481568,-0.039224287704994,0.02447067078982168
WAREHOUSE,Warehousing and storage,-2.0,-7.09342155569948,-0.00837368622279792,-0.12133459365284974,0.0031465924888285824,0.0051954203922745315,1.3691168614453808,-0.022320106987258746,-0.0,-0.022320106987258746,-0.005956318283579723,-0.0,-0.005956318283579723
RAILTRANS,Rail transportation,-5.0,-8.41134347710776,-0.006075623180718401,-0.17016204967296802,0.0025389964236160437,0.004479156721640278,1.386297905263594,-0.0030433637224337143,-0.01831300728374903,-0.02135637100618274,-0.003772625150864314,-0.022701233952866023,-0.026473859103730332
PAPER,Paper products,-1.5,-6.07054455445544,-0.0153527227722772,-0.10172206506364914,0.003302719007638557,0.010141570603949048,1.8819121017961975,-0.01099658958561153,-0.009052713301105185,-0.020049302886716715,-0.029301507291098747,-0.024121855483598006,-0.05342336277469675
WOOD,Wood products,-2.0,-11.6642549091413,-0.026657019636565197,-0.1496028323237922,0.0016731484675594488,0.005361193933198474,1.6934140057342513,-0.019100738075954995,-0.00041529215049755007,-0.019516030226452544,-0.024201164114454124,-0.0005261866557024804,-0.0247273507701566
TEXTILE,Textile mills and textile product mills,-3.0,-16.7541322314049,-0.0370165289256196,-0.23942665289256124,0.0010061178752999308,0.003049512398474795,1.5564784110911989,-0.009108916195740557,-0.007747715727414632,-0.016856631923155188,-0.01756989624144627,-0.014944320324579449,-0.03251421656602572
APPAREL,Apparel and leather and allied products,-31.603336877103068,-28.497142857142897,0.20204479734245906,-0.5352421599798222,0.0005562007232605339,0.0017919620789975791,1.2632127236530326,-0.010054659717529502,-0.005795471750472136,-0.015850131468001637,0.045735452287256846,-0.026361759539584896,0.019373692747671954
WATERTRANS,Water transportation,-80.0,-13.8545809501529,0.7076361269989807,-0.9731822618769113,0.0010486978349753785,0.0033356519452000357,1.0971240853805782,-0.008422985830321656,-0.006106283216594812,-0.014529269046916468,0.2589682216984021,-0.18774023103490953,0.07122799066349257
SLGOVE,State and local government enterprises,0.0,-2.0,-0.04,-0.06666666666666667,0.007229500549270391,0.015859427142085224,1.0878422791894187,-0.006078223034225547,-0.008380778064315237,-0.014459001098540784,-0.06901022147553808,-0.09515270287040678,-0.16416292434594487
FEDGOVE,Federal government enterprises,0.0,-3.0,-0.06,-0.1,0.002990244199395298,0.005129110975904955,1.2920350698094578,-0.006514190385713972,-0.0024565422124719224,-0.008970732598185894,-0.03976194754688289,-0.01499448078969626,-0.05475642833657915
INFODATA,Information and data processing services,-0.8937663762405408,-1.06299305033808,0.006280181136560209,-0.02412327876723512,0.005935302634291261,0.012378681766584868,1.5458151064103547,-0.003303654544478837,-0.0030055309074260724,-0.0063091854519049095,0.012017222862546795,-0.010932781938466687,0.0010844409240801083
WASTE,Waste management and remediation services,-1.0,-2.2565203722707103,-0.0012826018613535505,-0.04760867287117851,0.0024981906289270727,0.005153117645878221,1.4701739719054472,-0.0056372180479897175,-0.0,-0.0056372180479897175,-0.0009716965327647924,-0.0,-0.0009716965327647924
INSURE,Insurance carriers and related activities,-4.2738250356764,-0.12189794966044999,0.04212876060846175,-0.045176209349973,0.02712664998729809,0.04935033959181121,3.0001755448607113,-0.0029275478513369163,-0.0003791351632713929,-0.0033066830146083093,0.6237570897644396,-0.08078031789011855,0.5429767718743209
PIPE,Pipeline transportation,-5.0,-1.04712041884818,0.039528795811518205,-0.0709424083769636,0.0014864730453885738,0.0018410288294048334,1.1619618203531825,-0.0012904885621597263,-0.00026602771573408637,-0.001556516277893813,0.008456020594257232,-0.0017431660449015382,0.006712854549355694
FUNDS,"Funds, trusts, and other financial vehicles",0.0,0.234908946360509,0.001174544731802545,0.0033558420908644145,0.0035479418743631723,0.00783670851589214,1.041379137180375,0.0002366400234479018,0.0005968032640070803,0.0008334432874549822,0.0009585441647503496,0.0024174367373822263,0.0033759809021325763
SECURIT,"Securities, commodity contracts, and investments",-5.92280735901628,0.234908946360509,0.060167709375604846,-0.05629171176065644,0.013099547177652797,0.02721108915212323,2.273019601254543,0.0026376389046486254,0.0004395619206535723,0.003077200825302198,0.37214533903020636,-0.06201793569927035,0.310127403330936
FEDGOV,Federal general government,0.0,2.0,0.06666666666666667,0.09999999999999999,0.037449074534556134,0.05610569454844563,1.0,0.030285854502407103,0.044612294566705166,0.07489814906911227,0.37403796365630415,0.5509731222026227,0.925011085858927
