Sector,Output Chg (%),Price Chg (%),Supply Shock,Demand Shock,Domar Weight,Leontief Mult.,Supply → GDP (%),Demand → GDP (%),Total → GDP (%)
Food services and drinking places,-37.2670334110663,-40.99008997381882,0.26083276609392303,-0.7204595114970741,0.04011143086738816,1.6634805512112,-0.3502898416875083,-0.4248966791104753,-0.7751865207979837
Real estate,-5.2973708206686805,1.0189208543786876,-0.11613662495716048,-0.12224506197293011,0.164395458270697,3.7598467928403143,-0.5338772384780336,-0.09985636158563503,-0.6337336000636686
Retail trade,-8.196179651290175,-12.815922676112706,0.10083862792349316,-0.21012102327402882,0.09096670590897846,1.3343060773833673,-0.20021624019940948,-0.2800040339196196,-0.48022027411902907
Wholesale trade,-7.852117581499001,-2.5,-0.0011737252716633347,-0.1231514697687375,0.08617230224630357,4.166376513944443,-0.03133007598055038,-0.4446021822113085,-0.47593225819185886
Administrative and support services,-16.2903722237115,-2.0,-0.034301240745704994,-0.20100413581901666,0.044972033061120985,3.634382700013126,-0.4152945180058651,-0.04823990440652421,-0.46353442241238935
Ambulatory health care services,-12.5453372199961,-29.243477824692437,0.16698140604696338,-0.6060682087468269,0.0550528385142832,1.0421518334124662,-0.10278375776430276,-0.3353210093447278,-0.43810476710903057
Accommodation,-48.6923841194636,-80.0,0.5565380794026821,-1.1246158941297573,0.01349440977245558,1.2145964302903032,-0.17631989751596966,-0.22592843114766134,-0.402248328663631
"Other services, except government",-17.175392163463098,-72.97199656573773,0.6610183970035249,-0.9014738872920083,0.036773006789396746,1.8217893515244494,-0.25877727826821123,-0.12369558023643606,-0.3824728585046473
Construction,-9.13858322414812,-1.5,-0.0306929161207406,-0.1292322903018515,0.07498946312326,1.7097995515280338,-0.1254806262935011,-0.24546065528030528,-0.3709412815738064
Motion picture and sound recording industries,-53.834260361066896,-5.0,-0.30889506907377934,-0.4088950690737793,0.008545265657366383,1.2585191527899708,-0.21741856491629122,-0.12600863980056373,-0.3434272047168549
State and local general government,-4.0,0.0,-0.13333333333333333,-0.19999999999999998,0.11804722760662817,1.0,-0.13255737790315483,-0.19526240507876638,-0.32781978298192116
"Amusements, gambling, and recreation industries",-54.087644005652805,-51.402443311259674,0.2435862130843327,-0.8145113442551123,0.008184001311995008,1.0411475034677486,-0.06481150264495886,-0.18730346804124753,-0.2521149706862064
"Performing arts, spectator sports, museums",-44.435340892291094,-80.0,0.5037643940513927,-1.0468630049571728,0.009388160353910432,1.3440808021391266,-0.13498511128252913,-0.11560870755338498,-0.25059381883591414
"Motor vehicles, bodies, trailers, and parts",-25.126425334401496,3.444680857013569,-0.16007893524214317,-0.2168174447738793,0.03759267101314912,2.014611008116676,-0.16619971121544383,-0.061080597721435745,-0.22728030893687956
Rental and leasing services,-19.8037116033497,-2.0,-0.0790185580167485,-0.24004124003721886,0.019637733251411268,2.392661455868633,-0.1905940489311312,-0.035060820798056475,-0.22565486972918763
"Misc. professional, scientific, and technical svcs",-4.7295684469212,-9.990032550247246,0.08413509734606847,-0.15245108602381913,0.07141036247632183,5.416743000401188,-0.1977880282699101,-0.00797299231883932,-0.20576102058874943
Other transportation equipment,-25.126425334401496,-2.0,-0.10563212667200748,-0.2991825037155722,0.01884673288072167,1.4240331819635657,-0.0830488105163837,-0.09958759979652909,-0.18263641031291278
Educational services,-13.138715161807198,-18.689474604244438,0.0993033116303964,-0.3745906769254044,0.018239469471444093,1.070585663368114,-0.03626597726351975,-0.11106280556896501,-0.14732878283248477
Air transportation,-25.707912395841,-80.0,0.54292087604159,-0.97138608263894,0.010457981840756053,1.3469489558946526,-0.07866967123039917,-0.05774009500695076,-0.13640976623734993
Chemical products,-5.6372047937962595,1.1654914345043415,-0.039840938314024715,-0.06887658270918888,0.04595264731474031,3.887932585199191,-0.1013651691856165,-0.016561466584589887,-0.11792663577020637
Computer and electronic products,-7.13025598848565,4.270567030293888,-0.07122669425688147,-0.016713129601108205,0.02145675134645262,2.128946407904629,-0.10658646052402986,-0.003388097045950237,-0.10997455756998008
"Food, beverage, and tobacco products",-7.62169264226169,8.072316132061347,-0.10612880346148577,-0.04630504938374805,0.05241471062204775,2.009315184672329,-0.0964754192295268,-0.012347384754869038,-0.10882280398439584
Petroleum and coal products,-11.545275590551201,-31.657640504675495,0.23960790110974695,-0.5474819168577789,0.02765446407077499,2.468066459276546,-0.07666539163458264,-0.02688370523690294,-0.10354909687148557
Machinery,-11.9391962056159,-2.0,-0.0277567848224636,-0.15265773561795443,0.021614153046346625,1.9644008401771138,-0.041505274752171986,-0.05986764080683621,-0.1013729155590082
Social assistance,-15.5001490850019,-13.847939597655099,0.06097865055154149,-0.39681521405991593,0.00993726441722506,1.0008183705601665,-0.013662857823841662,-0.08641930610963078,-0.10008216393347243
Fabricated metal products,-11.8485860154466,-2.0,-0.0273943440617864,-0.16810732519308247,0.020791051377932957,2.587352277721862,-0.07644824700286108,-0.021550642468785026,-0.0979988894716461
Oil and gas extraction,-7.78340727297171,-30.0,0.2481106181801886,-0.4556681454594342,0.014160885938156823,2.756860308884494,-0.08896954284735131,-0.0,-0.08896954284735131
Hospitals,-3.56097510553346,-19.927136397424977,0.15475917515508153,-0.31797053415869847,0.04448724247856615,1.002377270149332,-0.027057046622702648,-0.05433402902699853,-0.08139107564970118
Miscellaneous manufacturing,-17.5918283789369,-36.35886584175253,0.29322134490177776,-0.5395069422068943,0.009268958643881511,1.2091781886209156,-0.04462766947836493,-0.03643849764685238,-0.08106616712521732
Support activities for mining,-25.035980252698497,-5.0,-0.07517990126349249,-0.4076568607528357,0.004266811349821314,1.0878880363048642,-0.014272062062580375,-0.06326920278934262,-0.07754126485192299
Broadcasting and telecommunications,-3.29872514501539,-3.9715206337469637,0.023221580612392687,-0.09469395875439282,0.04689910889236995,1.956147182855,-0.03330661550034899,-0.04214669998447954,-0.07545331548482853
Transit and ground passenger transportation,-39.366535416035696,-80.0,0.30791830729955383,-1.456108923600595,0.003220054007799895,1.1147655451983653,-0.028274256159225186,-0.04660369684236462,-0.07487795300158981
Management of companies and enterprises,-3.6227951137966397,-1.0,-0.008113975568983198,-0.06175421591138057,0.034970399720480314,3.67980296514479,-0.06790642805135494,-0.0036476085079900733,-0.07155403655934502
Legal services,-4.745164028611399,-1.5,-0.003980656114445598,-0.08278805755159142,0.017833462902820004,1.8107564045709188,-0.011559422817119323,-0.05208150603881943,-0.06364092885593876
Truck transportation,-7.195636278372371,-16.505899085211244,0.13627644573862294,-0.26785379482886057,0.018512857207329033,1.8222691943815759,-0.03844788881308736,-0.019732282334866954,-0.05818017114795432
Primary metals,-15.7178137834191,-5.0,-0.05478542522279399,-0.24647267229273873,0.012629227128268913,3.587886060612025,-0.04873339036221166,-0.0,-0.04873339036221166
Computer systems design and related services,-3.0317696941570897,1.0,-0.017579424235392726,-0.02789712117696362,0.01958018377466242,1.7368042080208537,-0.03195214866190441,-0.012790886704239392,-0.0447430353661438
Nursing and residential care facilities,-5.68686793992629,-10.672565342552423,0.04985697402626132,-0.24889735192368145,0.012865135628814526,1.0061503130334695,-0.007715078976869304,-0.03652649352291792,-0.044241572499787225
"Mining, except oil and gas",-11.158745883797499,-5.0,-0.02439163922531666,-0.23597909806329165,0.006508247039611672,1.7567050520475496,-0.01672991408147742,-0.02395509583279444,-0.04068500991427186
Other transportation and support activities,-5.94583726276129,9.718863676734136,-0.12691782308114782,0.022865670982825242,0.01254894616263083,2.2368373965855386,-0.0387588336290563,-0.0002747198564759326,-0.03903355348553223
Plastics and rubber products,-9.84953765746448,-2.0,-0.019398150629857922,-0.143119220718306,0.012503261414229049,1.858957877962139,-0.02670180121827631,-0.01195279198308039,-0.0386545932013567
Publishing industries (including software),-3.36660584594468,1.0,-0.018416514614861698,-0.03208257307430849,0.01809626109144191,1.2343359210588885,-0.0181379521040027,-0.02017138640408334,-0.03830933850808604
Printing and related support activities,-17.0018576222435,-3.0,-0.038007430488973995,-0.24252322027804374,0.004869972002567661,1.2046762604649919,-0.013391938969119168,-0.023099081608882185,-0.036491020578001354
Nonmetallic mineral products,-13.273146369573599,-2.0,-0.04636573184786799,-0.20961637670819427,0.006327393096302674,1.4646551843916646,-0.031357176716692525,-0.003990235257264993,-0.03534741197395752
"Electrical equipment, appliances, and components",-9.52668743231326,3.7697899251579634,-0.07580464898083267,-0.05756897507155297,0.006741549735333394,1.4534008237192497,-0.027658971357607077,-0.0020852304252340723,-0.02974420178284115
Furniture and related products,-18.096862673981,-2.55690015763589,-0.046818449119565106,-0.17637619052620057,0.004198173341906986,1.141417393552572,-0.009231108125297736,-0.01894764322175125,-0.028178751347048985
Utilities,-1.6860916460123099,6.2813537894865865,-0.09653537081511207,0.020661246744558118,0.022278189735191464,1.9332553208566507,-0.02553582646503562,-0.0010438331437990422,-0.02657965960883466
"Forestry, fishing, and related activities",-11.6175760502173,-2.0,-0.0380878802510865,-0.21362626750362165,0.0030093719156557533,1.6073230587580896,-0.02481044499042451,-0.0,-0.02481044499042451
"Federal Reserve banks, credit intermediation",-0.840763618424056,-1.8172093335152826,0.013968275243032546,-0.03218482030888709,0.04188215840920384,2.336280835553762,-0.015455737226902936,-0.0080170134901595,-0.023472750717062438
Farms,-3.0,-3.0,0.015,-0.09,0.021758581164777017,1.951565928937978,-0.014073310278431454,-0.008666550451834815,-0.02273986073026627
Warehousing and storage,-7.09342155569948,-2.0,-0.00837368622279792,-0.12133459365284974,0.0051954203922745315,1.3691168614453808,-0.022320106987258746,-0.0,-0.022320106987258746
Rail transportation,-8.41134347710776,-5.0,-0.006075623180718401,-0.17016204967296802,0.004479156721640278,1.386297905263594,-0.0030433637224337143,-0.01831300728374903,-0.02135637100618274
Paper products,-6.07054455445544,-1.5,-0.0153527227722772,-0.10172206506364914,0.010141570603949048,1.8819121017961975,-0.01099658958561153,-0.009052713301105185,-0.020049302886716715
Wood products,-11.6642549091413,-2.0,-0.026657019636565197,-0.1496028323237922,0.005361193933198474,1.6934140057342513,-0.019100738075954995,-0.00041529215049755007,-0.019516030226452544
Textile mills and textile product mills,-16.7541322314049,-3.0,-0.0370165289256196,-0.23942665289256124,0.003049512398474795,1.5564784110911989,-0.009108916195740557,-0.007747715727414632,-0.016856631923155188
Apparel and leather and allied products,-28.497142857142897,-31.603336877103068,0.20204479734245906,-0.5352421599798222,0.0017919620789975791,1.2632127236530326,-0.010054659717529502,-0.005795471750472136,-0.015850131468001637
Water transportation,-13.8545809501529,-80.0,0.7076361269989807,-0.9731822618769113,0.0033356519452000357,1.0971240853805782,-0.008422985830321656,-0.006106283216594812,-0.014529269046916468
State and local government enterprises,-2.0,0.0,-0.04,-0.06666666666666667,0.015859427142085224,1.0878422791894187,-0.006078223034225547,-0.008380778064315237,-0.014459001098540784
Federal government enterprises,-3.0,0.0,-0.06,-0.1,0.005129110975904955,1.2920350698094578,-0.006514190385713972,-0.0024565422124719224,-0.008970732598185894
Information and data processing services,-1.06299305033808,-0.8937663762405408,0.006280181136560209,-0.02412327876723512,0.012378681766584868,1.5458151064103547,-0.003303654544478837,-0.0030055309074260724,-0.0063091854519049095
Waste management and remediation services,-2.2565203722707103,-1.0,-0.0012826018613535505,-0.04760867287117851,0.005153117645878221,1.4701739719054472,-0.0056372180479897175,-0.0,-0.0056372180479897175
Insurance carriers and related activities,-0.12189794966044999,-4.2738250356764,0.04212876060846175,-0.045176209349973,0.04935033959181121,3.0001755448607113,-0.0029275478513369163,-0.0003791351632713929,-0.0033066830146083093
Pipeline transportation,-1.04712041884818,-5.0,0.039528795811518205,-0.0709424083769636,0.0018410288294048334,1.1619618203531825,-0.0012904885621597263,-0.00026602771573408637,-0.001556516277893813
"Funds, trusts, and other financial vehicles",0.234908946360509,0.0,0.001174544731802545,0.0033558420908644145,0.00783670851589214,1.041379137180375,0.0002366400234479018,0.0005968032640070803,0.0008334432874549822
"Securities, commodity contracts, and investments",0.234908946360509,-5.92280735901628,0.060167709375604846,-0.05629171176065644,0.02721108915212323,2.273019601254543,0.0026376389046486254,0.0004395619206535723,0.003077200825302198
Federal general government,2.0,0.0,0.06666666666666667,0.09999999999999999,0.05610569454844563,1.0,0.030285854502407103,0.044612294566705166,0.07489814906911227
TOTAL,,,,,1.7407343956367962,,-1.4524222296237626,-7.295053518272551,-8.747475747896315
