,FARM,FOREST,OILGAS,MINE,MINE_SUP,UTIL,CONST,WOOD,NMMIN,PMETAL,FABMETAL,MACH,COMPELEC,ELECEQUIP,MOTVEH,OTRTRANS,FURN,MISCMFG,FOOD,TEXTILE,APPAREL,PAPER,PRINT,PETRO,CHEM,PLASTIC,WHOLE,RETAIL,AIRTRANS,RAILTRANS,WATERTRANS,TRUCK,TRANSIT,PIPE,OTHERTRANS,WAREHOUSE,PUBLISH,MOVIE,BROADCAST,INFODATA,CREDIT,SECURIT,INSURE,FUNDS,REALE,RENTAL,LEGAL,COMPDES,MISCPROF,MGMT,ADMIN,WASTE,EDUC,AMBULAT,HOSPITAL,NURSING,SOCIALAS,PERFORM,AMUSE,ACCOMM,FOODSVC,OTHSVC,FEDGOV,FEDGOVE,SLGOV,SLGOVE
FARM,0.06046754556244205,0.0023554205665406312,0.0007044961085477617,0.0007476400345832602,0.0032181479345415815,0.0015346258290005231,0.0004807849644113692,0.0015347945646304365,0.0017946678553427784,0.0015674391929168707,0.0017816682099657298,0.0018373316065611594,0.0018679661440933408,0.0032586949064548837,0.0016594280582927763,0.002691048657528148,0.0016795433694131825,0.003959568948820329,0.28382243351008984,0.32521929058842086,0.049427938365786184,0.0016419417603257607,0.0017084589079392604,0.0012243341284076516,0.0012899297506054645,0.0022534285579968046,0.0007930306674232435,0.0005052625971821672,0.0011369857901533176,0.001982714660814873,0.0026247354077464733,0.001525955012954538,0.0020287154173977027,0.0027516639473752365,0.003297857184315919,0.0031902452277701686,0.0020583181077493493,0.002772762245138552,0.0024638019640777675,0.0018544274877731377,0.0008226227023500436,0.0009114859060519815,0.0018197026315502833,0.0012276701141875597,0.00047857294636494,0.0033783711502701546,0.0018847071916644085,0.0018290840904743525,0.0023506352150091977,0.0023135820016411757,0.0022558579884639552,0.002871220704993151,0.0012022971639882823,0.0015674479674682245,0.0009689692420321682,0.001849948517703821,0.00206672181380171,0.0024972246753040372,0.0023865483916352824,0.0030922588888488453,0.03511788509616657,0.0033011731204150027,0.0005779260741921792,0.002958097594142556,0.0007320937457461779,0.0035810924827985482
FOREST,0.00025732861389154385,0.00011777102832703154,0.00017612402713694042,0.00018691000864581506,0.0008045369836353954,0.0003836564572501308,0.0001201962411028423,0.338108266249155,0.0004486669638356946,0.0003918597982292177,0.00044541705249143246,0.00045933290164028984,0.0004669915360233352,0.0008146737266137209,0.0004148570145731941,0.000672762164382037,0.0004198858423532956,0.0009898922372050822,0.022407034224480774,0.0003690717214972279,0.0003365566833943968,0.3014269220234394,0.0004271147269848151,0.0003060835321019129,0.0003224824376513661,0.0005633571394992012,0.00019825766685581088,0.0001263156492955418,0.0002842464475383294,0.0004956786652037182,0.0006561838519366183,0.0003814887532386345,0.0005071788543494257,0.0006879159868438091,0.0008244642960789797,0.0007975613069425421,0.0005145795269373373,0.000693190561284638,0.0006159504910194419,0.0004636068719432844,0.0002056556755875109,0.00022787147651299536,0.0004549256578875708,0.00030691752854688993,0.000119643236591235,0.0008445927875675387,0.00047117679791610213,0.00045727102261858813,0.0005876588037522994,0.0005783955004102939,0.0005639644971159888,0.0007178051762482877,0.0003005742909970706,0.0003918619918670561,0.00024224231050804204,0.00046248712942595523,0.0005166804534504275,0.0006243061688260093,0.0005966370979088206,0.0007730647222122113,0.00023911899477426947,0.0008252932801037507,0.0001444815185480448,0.000739524398535639,0.00018302343643654447,0.0008952731206996371
OILGAS,0.0014270041315803796,0.0032654694217949653,0.00019533755737006123,0.0010365009570358836,0.004461523272887193,0.056345182426144204,0.0006665427915703074,0.002127783373692196,0.002488062253997943,0.002173040699271116,0.00247004001836158,0.002547209727277971,0.0025896803361294047,0.004517736120312453,0.0023005707171786217,0.0037307720024822057,0.002328457853050094,0.005489402406319093,0.001410119764462321,0.002046670455575537,0.0018663597897325644,0.0022763283495425327,0.00236854530418852,0.6113545515549733,0.07577750953102282,0.003124071409950116,0.0010994288798367696,0.0007004776915480046,0.0015762757545307363,0.002748763507038801,0.0036388377243757935,0.0021155285406869737,0.002812537283210452,0.0038148068361338514,0.00457202927825616,0.004422839974863188,0.0028535773766525073,0.0038440567489420843,0.003415725450198724,0.00257091083532185,0.0011404542009852878,0.0012636509152084289,0.0025227695573765297,0.0017019972037600264,0.0006634761301877577,0.004683650912874533,0.002612889515716567,0.002535775670884898,0.0032588351844445697,0.0032074659568207217,0.003127439484006847,0.00398055597737687,0.0016668210682564827,0.0021730528639900388,0.0013433437219082332,0.0025647013540893884,0.0028652279691341893,0.0034620614816715067,0.0033086239065852783,0.004286995277722263,0.0013260235164754943,0.0045766263714844355,0.0008012156937664302,0.004100998937333998,0.0010149481475117466,0.004964696396607078
MINE,0.0006409821836934821,0.0014667846255275747,0.0004387089403229244,9.311516794355153e-05,0.0020040284865099852,0.03380710945568652,0.014121965636483035,0.0009557584334289537,0.263571447300569,0.3222797475109169,0.0011094933852968407,0.0011441565004494494,0.001163233462458126,0.002029278191746905,0.0010333711090277744,0.0016757893912788925,0.0010458974618618455,0.0024657315726744774,0.0006333980581355342,0.0009193241062749134,0.0008383321022733157,0.0010224819143846786,0.0010639039563076305,0.0007624262526902194,0.09472188691377854,0.0014032714202071013,0.0004938418247135653,0.00031464079915434967,0.0007080320602318389,0.0012346904933256252,0.0016344943220966677,0.0009502538035216898,0.0012633364190158423,0.0017135361854109428,0.002053665610233095,0.001986652710020514,0.0012817708216439133,0.0017266746708362805,0.0015342766776302464,0.001154802571931454,0.0005122695919179817,0.0005676071324050975,0.0011331784569199495,0.0007645036620167986,0.0002980204256908945,0.002103803852668233,0.0011736585693546545,0.001139020547249938,0.001463804656619364,0.0014407306101129143,0.0014047842928161904,0.0017879874390184624,0.0007487032339381577,0.0009760925979233942,0.0006034035734473048,0.0011520133951155613,0.0012870040385947012,0.0015550899114393322,0.001486168771154699,0.0019256339444195085,0.0005956236778922713,0.0020557305340766154,0.00035989032801967525,0.0018420880472615009,0.00045589474166921084,0.0022300439551972777
MINE_SUP,0.000477227611217045,0.0010920586263052016,0.2845283658397273,0.13725141771241556,0.0002984100812029467,0.0007115083389002426,0.00022290939259072572,0.0007115865708741115,0.0008320732783861972,0.0007267218076250947,0.00082604617007502,0.0008518537448601739,0.0008660570304432761,0.0015108494566290825,0.0007693711906630144,0.0012476680139448689,0.0007786973803642936,0.0018358001489985163,0.0004715810359841204,0.00068446028350395,0.0006241596673859722,0.0007612639070601254,0.0007921036754991117,0.0005676458231708202,0.0005980583389170789,0.001044771422343973,0.0003676778548962311,0.0002342581132390048,0.0005271479572529019,0.0009192586154687137,0.0012169227799551832,0.0007074882332789223,0.0009405862389752985,0.0012757714665103366,0.0015290065127282896,0.0014791136965116235,0.0009543111226837893,0.001285553404564238,0.001142308183345147,0.0008597800170584548,0.00038139779836229295,0.00042259801098773687,0.0008436803109914951,0.0005691925074869595,0.00022188382058738125,0.0015663357151252538,0.0008738187888625895,0.0008480298964926545,0.0010898399633224463,0.0010726607462154545,0.0010458977946514701,0.0013312023268604613,0.00055742868512184,0.0007267258758261768,0.000449249375851278,0.0008577034036626807,0.0009582073863989748,0.0011578041676409627,0.0011064906179399947,0.0014336836666481011,0.0004434570448540997,0.0015305439012833198,0.00026794754348910126,0.0013714816118297307,0.0003394252821186825,0.001660324696570236
UTIL,0.04535065917183154,0.005620889988335596,0.0016811838953980677,0.0017841409916191438,0.007679671207428774,0.0007324350547502497,0.010591474227362275,0.0036625779383226325,0.004282730109340721,0.11509990982532749,0.05233245442181157,0.05396744018908278,0.041150445078856256,0.007776431026767337,0.03655644583870882,0.006421820660010354,0.004008001222463276,0.009448971355139422,0.052283079857121814,0.0035229573415644483,0.0032125865233101508,0.003918270109868293,0.00407700421212778,0.04495254055551275,0.09472188691377854,0.00537749996794692,0.01747010513484886,0.014840940468141658,0.0027132615446840533,0.004731478167853674,0.006263573132122267,0.0036414835536415116,0.004841252700608155,0.006566470783509087,0.00786988646257208,0.007613085202633355,0.0049118954844018575,0.006616818994080636,0.005879527414276491,0.004425338323094988,0.0019630769033353312,0.00217513682126041,0.004342472188926813,0.002929667317947586,0.0011420490765526976,0.008062022063144688,0.004497596707380975,0.00436485976135925,0.005609470399453767,0.005521047958461897,0.0053832974724708025,0.006851776682370021,0.002869118232244765,0.034530166246976135,0.03557658660234018,0.004414649871793209,0.004931949782935899,0.005959286156975542,0.005695172298220561,0.0073792541665711085,0.049165039134633194,0.00787779949189944,0.02121908120130603,0.007059096531476554,0.026879487414839785,0.008545788879405625
CONST,0.0067139374715339175,0.015363765968117294,0.0045952359807547175,0.004876652043758993,0.02099110130030531,0.010009945748253413,0.017652457045603795,0.010011046364748527,0.011706128965531304,0.010223978371980498,0.011621335824094647,0.011984412979160287,0.012184233712608837,0.021255578139830717,0.010823996652955152,0.017552976470694967,0.010955203341399622,0.025827188370714422,0.006634497908207968,0.009629416733609491,0.00878106983038108,0.010709938300306669,0.011143811513149264,0.007985997610295363,0.008413859964176552,0.01469849991238825,0.0051727227625107015,0.003295690122529136,0.007416248222136413,0.012932706992133372,0.01712043322780086,0.009953388379953463,0.013232757381662288,0.017948353474924836,0.02151102299769702,0.020809099553864504,0.013425847657365075,0.018085971917153738,0.016070708265689074,0.012095924749792967,0.005365743535783239,0.005945373978111787,0.011869423983066622,0.008007757335723401,0.042170977901048755,0.022036193639262146,0.012293431000174666,0.011930616681048618,0.01533255242517363,0.015090864419795852,0.014714346424753525,0.01872818959847805,0.007842256501469023,0.010224035605985919,0.006320322101437096,0.012066709649568104,0.01348066274002479,0.01628871549573315,0.015566804281802864,0.020169961388627693,0.006238831954565029,0.021532651944525128,0.025462897441567236,0.01929486385270258,0.043007179863743646,0.02335848960370871
WOOD,0.0007111627147548121,0.001627381482337163,0.0004867427659057263,0.0005165512966211615,0.0022234476638650926,0.0010602869364003615,0.0423658969094491,0.056351377708192506,0.0012399523364186467,0.0010829579878334744,0.0012309707632490495,0.0012694291099877098,0.00129059479046449,0.002251461935368829,0.0011465139311841,0.0018592699815649023,0.36999576999368133,0.002735702182821318,0.0007027482104861401,0.0010199800303196118,0.0009301202886536058,0.0964566150475006,0.0011803897909398525,0.0008459035796271048,0.0008912241913274116,0.0015569142764341561,0.0005479120974924228,0.0003490905216894973,0.0007855538186513833,0.0013698755838357302,0.001813453554443018,0.0010542961907685899,0.0014016579247475036,0.001901149636368345,0.0022785195091637256,0.0022041694300957526,0.0014221106926268232,0.001915726642095727,0.001702263175181003,0.0012812408097341679,0.0005683575034418481,0.0006297538987268235,0.0012572490908892868,0.0008482084425295867,0.0003306503993066858,0.0023341473401866522,0.0013021613324226823,0.0012637308261459162,0.0016240752394609,0.0015984748374975395,0.0015585927920296419,0.0019837524870861766,0.0008306780405737224,0.0010829640502507732,0.0006694696581313161,0.001278146248595367,0.0014279168895357268,0.0017253552302100622,0.0016488879796752861,0.002136469777750111,0.0006608379491943446,0.0022808105195594565,0.0003992943785327783,0.0020437765195894025,0.0005058102243337229,0.002474209351751724
NMMIN,0.00042576188843873624,0.0009742875979781699,0.0002914052085356651,0.00030925110521398496,0.0013311430092876543,0.0006347770474502164,0.07060982818241518,0.0006348468426425897,0.013178572365028448,0.000648349847979251,0.0007369627595767337,0.0007599871645321157,0.0007726587232386093,0.0013479147113063385,0.0006863997877483756,0.0011131155810684614,0.0006947202118936346,0.0016378217015574998,0.000420724257593676,0.0006106459392045045,0.0005568483307070929,0.0006791668190438376,0.0007066807301021487,0.0005064291167504376,0.0005335618513868057,0.000932099994444133,0.0003280263215250689,0.00020899498337989647,0.000470298667745236,0.0008201228824279702,0.0010856860095678595,0.0006311904826311953,0.0008391504681054135,0.001138188269141575,0.0013641136535124938,0.001319601435123115,0.0008513952172963219,0.0011469152923073102,0.0010191180851412585,0.000767058642669798,0.0003402666632447908,0.00037702371568513777,0.0007526951794139808,0.0005078090017775816,0.0001979551732691343,0.001397417157611746,0.0007795834292793691,0.0007565756919689368,0.0009723082025719864,0.0009569816461333956,0.0009331048952282724,0.0011876412916108033,0.0004973138269224259,0.0006483534774527655,0.00040080091374966955,0.0007652059777774895,0.0008548712957088892,0.0010329429338757608,0.0009871631983582306,0.0012790707222056588,0.0003956332458992458,0.0013654852452625692,0.0002390512397794923,0.0012235767321226029,0.0003028205948313736,0.0014812700724303085
PMETAL,0.0010854588804152393,0.0024838980519883017,0.0007429231690140031,0.0007884204001059836,0.0033936832764256673,0.0016183326924005517,0.02118294845472455,0.0016185106317920964,0.001892558829270566,0.00033058717523337634,0.32707784013632224,0.1619023205672483,0.001969855206498432,0.11964594594040602,0.12185481946236272,0.15808687659042628,0.001771154825926629,0.004175545436937801,0.0010726156896893717,0.0015568116252246704,0.001419657282681819,0.0017315022199798932,0.001801647575645038,0.0012911159899571597,0.0013602895551839442,0.0023763428429784484,0.0008362868856463295,0.0005328223752102854,0.0011990031968889532,0.0020908627332229565,0.0027679027936235536,0.0016091889227520583,0.0021393726219830315,0.002901754708141158,0.0034777403034604235,0.003364258603830359,0.0021705900045356774,0.0029240038221461095,0.002598191162118373,0.001955578078015309,0.000867493031569137,0.0009612033191093623,0.0019189591387257536,0.0012946339385977903,0.000504676925257573,0.00356264594028489,0.0019875094021188306,0.0019288523135911353,0.0024788516812824265,0.002439777383548876,0.0023789047878347166,0.0030278327434473226,0.0012678770092967341,0.0016529451293301274,0.0010218221097793774,0.0019508548004876654,0.0021794520945545306,0.0026334369303206207,0.002516723758451752,0.003260927555513328,0.0010086473961387365,0.0034812371088012756,0.0006094493146026616,0.0031194483720048778,0.0007720261318777876,0.0037764248000421046
FABMETAL,0.0016936901496134341,0.0038757374776714013,0.0011592163240649533,0.001230207693268819,0.0052953161468366015,0.0025251570459008605,0.0423658969094491,0.0025254346927100816,0.002953044380154935,0.002579149944708669,0.0005863308109159948,0.10793488037816557,0.0030736533825535886,0.005362034346075763,0.12185481946236272,0.138326017016623,0.0027636122714889636,0.006515290724877087,0.001673650343394623,0.002429162966945391,0.0022151548979776657,0.0027017405328996604,0.0028111914757909646,0.0020145861567434993,0.002122520771450809,0.0037079142636129237,0.0013048959163964279,0.000831386637181566,0.0018708584365250045,0.003262466850977199,0.004318882807291924,0.0025108896122251942,0.003338159004990765,0.004527737949771979,0.005426474094192558,0.005249403511149094,0.003386868886387566,0.004562454239727981,0.0040540741408916,0.003051376138972163,0.0013535882647759806,0.0014998086272309877,0.002994237966460012,0.002020075369708621,0.0007874700299277648,0.005558956165444527,0.003101200015375072,0.003009674730689616,0.003867863399242407,0.0038068940208822984,0.0037119117810179626,0.004724463160034185,0.001978325333471628,0.0025791643828340783,0.0015943948437074766,0.0030440061973126503,0.0034006968027100863,0.004109069693000279,0.00392695689896351,0.005088171444378555,0.0015738377474233734,0.005431930316319231,0.000950951085716222,0.004867415132180024,0.0012046269816368925,0.005892524903513974
MACH,0.030233772781221024,0.003886443934792041,0.001162418579103807,0.03294034025097973,0.00530994409199361,0.0025321326178508632,0.02118294845472455,0.0025324110316402204,0.002961201961315584,0.0025862746683128364,0.002939752546443454,0.0006063194301651826,0.003082144137754013,0.0053768465956505595,0.0027380562961830807,0.004440230284921445,0.0027712465595317514,0.006533288765553542,0.029876045632641034,0.0024358733618817046,0.002221274110403019,0.0027092039045375055,0.0028189571980997796,0.002020151311872625,0.0021283840884990164,0.0037181571206947282,0.0013085006012483519,0.000833683285350576,0.0018760265537529743,0.00327147919034454,0.0043308134227816805,0.002517825771374988,0.0033473804387062094,0.00454024551316914,0.005441464354121267,0.005263904625820778,0.003396224877786427,0.004575057704478611,0.004065273240728318,0.0030598053548256776,0.001357327458877572,0.0015039517449857692,0.003002509342057968,0.002025655688409474,0.000789645361502151,0.005574312397945756,0.0031097668662462747,0.003017988749282682,0.003878548104765176,0.0038174103027079406,0.0037221656809655257,0.004737514163238699,0.001983790320580666,0.0025862891463225707,0.0015987992493530774,0.003052415054211305,0.0034100909927728216,0.004120420714251661,0.003937804846198217,0.005102227166600594,0.0015781853655101785,0.005446935648684755,0.0009535780224170956,0.004880861030335218,0.0012079546804811935,0.005908802596617605
COMPELEC,0.0024001741622974903,0.005492412502887926,0.0016427568349318264,0.0017433606260964206,0.007504135865544688,0.00357846841035122,0.0011211031215592382,0.003578861871160973,0.0041848391354129336,0.0036549832089379755,0.004154526325965542,0.004284323246208522,0.0685840751314271,0.007598684031869799,0.04874192778494509,0.006275036187781546,0.003916389765949831,0.009232994867021949,0.002371775210390723,0.00344243260232869,0.0031391559742059197,0.0038287096502141607,0.003983815544422003,0.0028549245812414786,0.003007881645730015,0.005254585682965277,0.001849203329036927,0.0011781805107020538,0.0026512441379484184,0.00462333009544559,0.006120405746245186,0.0035582496438439914,0.004730595496022825,0.006416380022743166,0.007690003343427575,0.007439071826573165,0.004799623587615529,0.0064655774170730785,0.1085528747172991,0.10893918569081833,0.024162672284481736,0.02677282693139956,0.004243215681751344,0.002862703493537356,0.0011159450976600646,0.007877747273129954,0.004394794496926553,0.0042650915382424675,0.005481253933180539,0.005394852576554197,0.005260250673100042,0.0066951646439158494,0.0028035383869363132,0.0036550036695963597,0.0213459519614041,0.004313743589009365,0.0048192195021830786,0.00582307390195896,0.005564996931404092,0.007210585499906626,0.0022303280785309133,0.007697735503513165,0.025462897441567236,0.006897745753614234,0.026879487414839785,0.00835045656216207
ELECEQUIP,0.0007813432458161423,0.0017879783391467512,0.0005347765914885281,0.0005675267535245658,0.0024428668412202004,0.001164920515650397,0.014121965636483035,0.0011650486013331039,0.0013623160538283818,0.001189828841895988,0.0013524481412012584,0.0013947017195259706,0.08230089015771251,0.0004947291357981507,0.06092740973118136,0.0020427505718509124,0.0012749261031454614,0.0030056727929681586,0.0007720983628367461,0.00112063595436431,0.0010219084750338957,0.0012463830635200093,0.001296875625572075,0.00092938090656399,0.0009791739470505116,0.001710557132661211,0.0006019823702712803,0.0003835402442246451,0.0008630755770709275,0.0015050606743458352,0.0019924127867893683,0.0011583385780154901,0.0015399794304791652,0.0020887630873257473,0.002503373408094357,0.0024216861501709912,0.0015624505636097333,0.002104778613355174,0.00187024967273176,0.001407679047536882,0.0006244454149657148,0.0006919006650485496,0.0013813197248586243,0.000931913223042375,0.0003632803729224772,0.002564490827705072,0.0014306640954907103,0.001388441105041895,0.0017843458223024361,0.0017562190648821652,0.0017124012912430931,0.0021795175351538923,0.000912652847209287,0.001189835502578152,0.0007355357428153275,0.001404279102075173,0.0015688297404767525,0.0018956205489807918,0.0018116071881958736,0.0023473056110807143,0.0007260522204964181,0.0025058905050422972,0.00043869842904588146,0.002245464991917304,0.0005557257069982351,0.00271837474830617
MOTVEH,0.0029148313900805786,0.0066701227861582415,0.0019950048892057068,0.002117180643388051,0.009113209832815479,0.004345781324851482,0.0013614956037649225,0.004346259153476191,0.005082173063084322,0.004438702805396412,0.005045360430948407,0.0052029890494891,0.005289740489864324,0.00922803148509724,0.0009398397093785451,0.007620560516545619,0.004756161450656421,0.011212779341432113,0.0028803429942951667,0.0041805760453231455,0.0038122693409947126,0.004649680530377041,0.004838044998391632,0.0034670916454453047,0.0036528465210327464,0.006381299961963679,0.03494021026969772,0.0014308118092931372,0.0032197370330250765,0.005614687425853027,0.007432773450118422,0.00432122715032126,0.005744953204721676,0.007792211996430783,0.009338931935585534,0.009034194440458249,0.005828782641490203,0.007851958539642356,0.006977039198274769,0.005251401476739386,0.00232951792529126,0.0025811623612290203,0.005153066997526485,0.0034765385506311352,0.0013552315708425346,0.00956693284826503,0.005337148092758757,0.005179633583479644,0.006656571540685138,0.006551643577374785,0.006388179667332019,0.008130774996412423,0.003404686968930454,0.004438727653330471,0.0027439447172092762,0.005238717847861275,0.005852580409083933,0.007071686239610978,0.006758271127221732,0.008756714944331048,0.002708566068079452,0.009348322063720667,0.0016365815646442164,0.00837679455068551,0.002073156379999404,0.010141002803561342
OTRTRANS,0.0013661810046605603,0.0031262854792266557,0.000935058471345211,0.0009923222277196,0.004271359985846099,0.0020368670094006946,0.0006381327709459991,0.0020370909676003975,0.002382013698909506,0.0020804192924169375,0.002364759624136332,0.002438640132344811,0.0024793005185238886,0.004325176875840119,0.0022025136046431395,0.0007143510981801994,0.0022292121084938605,0.005255427877525164,0.0013500162990917957,0.001959435321403465,0.0017868100282029792,0.0021793045182505557,0.002267590914173928,0.0016250252977047014,0.0017120885780763438,0.0029909142678866685,0.0010525679767617597,0.0006706212653508765,0.06679274705427944,0.0026316030952633768,0.0034837397230089552,0.00202535847173966,0.002692658644909678,0.0036522085119707684,0.0043771558991829475,0.004234325484131314,0.0027319494884673187,0.003680211707183897,0.003270137152321401,0.0024613310292261647,0.0010918446776646033,0.0012097903843962664,0.0024152416746031037,0.001629453060648943,0.0006351968197207386,0.0044840198903585695,0.0025015204543909425,0.00242769342917505,0.003119934012648572,0.003070754293087379,0.0029941387846885224,0.003810892935718183,0.001595776235838993,0.0020804309386396433,0.0012860864485154232,0.0024553862144068898,0.002743103498318633,0.00331449820540354,0.0031676005925341025,0.00410427088883574,0.0012695044813470307,0.004381557050732641,0.04243816240261206,0.003926202261316484,0.0009716880625358363,0.004753086386259891
FURN,0.0005708016526321518,0.001306187768717986,0.0003906751147401224,0.0004146003828143534,0.001784609309154877,0.00085101977790029,0.00026661711662812293,0.0008511133494768783,0.0009952249015991773,0.0008692162797084464,0.000988016007344632,0.0010188838909111883,0.0010358721344517618,0.001807094448124981,0.0009202282868714486,0.0014923088009928822,0.00018627662824400752,0.0021957609625276367,0.0005640479057849283,0.0008186681822302147,0.0007465439158930257,0.0009105313398170129,0.0009474181216754079,0.0006789489257533341,0.0007153246798812121,0.0012496285639800463,0.0004397715519347078,0.0002801910766192018,0.0006305103018122944,0.0010995054028155205,0.0014555350897503172,0.0008462114162747894,0.0011250149132841806,0.0015259227344535404,0.0018288117113024643,0.001769135989945275,0.001141430950661003,0.0015376226995768337,0.0013662901800794896,0.00102836433412874,0.0004561816803941151,0.0005054603660833715,0.0010091078229506117,0.0006807988815040104,0.0002653904520751031,0.001873460365149813,0.0010451558062866265,0.001014310268353959,0.0013035340737778277,0.0012829863827282886,0.0012509757936027387,0.0015922223909507478,0.000666728427302593,0.0008692211455960153,0.0005373374887632933,0.0010258805416357552,0.0011460911876536755,0.0013848245926686026,0.0013234495626341114,0.0017147981110889052,0.0005304094065901976,0.0018306505485937742,0.0003204862775065721,0.0016403995749335995,0.0004059792590046987,0.001985878558642831
MISCMFG,0.0009217043079388027,0.0021091720527659286,0.0006308442426541321,0.000669477667331374,0.0028817051959304165,0.0013741876741504683,0.0004305210817683625,0.0013743387692372547,0.0016070434886478518,0.0014035705500210162,0.001595402897105676,0.0016452469386024926,0.0016726787744835824,0.002918013166234601,0.001485942397653077,0.0024097117524229327,0.001503954744429077,0.0007091228026523681,0.0009107986675379581,0.0013219478024537074,0.001205484847794476,0.0014702842126553405,0.0015298472948365195,0.0010963355604377606,0.0011550734584967113,0.0020178428451153208,0.0007101229158289953,0.00045243968929494074,0.0010181190939100165,0.001775430855366045,0.0023503312514820693,0.0013664233525092911,0.0018166224419424882,0.002463989989240553,0.002953081205955618,0.0028567195903214685,0.0018431303055755541,0.0024828825558740678,0.0022062226678332742,0.0016605555231423098,0.0007366212380134482,0.0008161941976920016,0.0016294609927972993,0.0010993227840679512,0.00042854032015405993,0.0030251778027419116,0.0016876696216267663,0.001637861662833852,0.0021048869879855088,0.002071707519651417,0.002020018289669996,0.0025710476312893224,0.0010766024604804165,0.0014035784072329099,0.0008676679121833507,0.0016565448090347852,0.001850655442358804,0.0022361511865222517,0.0021370456052370486,0.0027689772777419208,0.0008564807631005651,0.0029560504760079804,0.0005175065300720877,0.002648841936573107,0.0006555566723272594,0.0032067055414150636
FOOD,0.0047956696225242255,0.010974118548655211,0.0032823114148247986,0.0034833228883992804,0.014993643785932369,0.007149961248752437,0.0022400208569166064,0.007150747403391807,0.008361520689665218,0.007302841694271783,0.008300954160067604,0.008560294985114491,0.008703024080434881,0.015182555814164798,0.007731426180682253,0.012537840336210691,0.007825145243856873,0.01844799169336744,0.0009477854154582812,0.006878154809721066,0.006272192735986486,0.007649955928790476,0.00795986536653519,0.005704284007353831,0.006009899974411823,0.010498928508848749,0.00369480197322193,0.04452282140442497,0.005297320158668867,0.009237647851523837,0.012228880877000615,0.007109563128538188,0.009451969558330204,0.01282025248208917,0.015365016426926437,0.014863642538474647,0.009589891183832196,0.012918551369395528,0.011479077332635056,0.008639946249852119,0.003832673954130885,0.004246695698651277,0.008478159987904731,0.005719826668373858,0.0022297148637457427,0.015740138313758676,0.008781022142981904,0.00852186905789187,0.010951823160838306,0.010779188871282751,0.010510247446252518,0.013377278284627184,0.005601611786763589,0.007302882575704227,0.0213459519614041,0.05433803327910042,0.009629044814303421,0.011634796782666537,0.011119145915573475,0.01440711527759121,0.2107073105769994,0.01538046567466081,0.012731448720783618,0.013782045609073272,0.003410891315408329,0.016684635431220507
TEXTILE,0.00042576188843873624,0.0009742875979781699,0.0002914052085356651,0.00030925110521398496,0.0013311430092876543,0.0006347770474502164,0.00019887014437015727,0.0006348468426425897,0.0007423398856190584,0.000648349847979251,0.0007369627595767337,0.0007599871645321157,0.0007726587232386093,0.0013479147113063385,0.0006863997877483756,0.0011131155810684614,0.0006947202118936346,0.0016378217015574998,0.000420724257593676,0.10840643019614031,0.34599556856050323,0.0006791668190438376,0.0007066807301021487,0.0005064291167504376,0.0005335618513868057,0.000932099994444133,0.0003280263215250689,0.00020899498337989647,0.000470298667745236,0.0008201228824279702,0.0010856860095678595,0.0006311904826311953,0.0008391504681054135,0.001138188269141575,0.0013641136535124938,0.001319601435123115,0.0008513952172963219,0.0011469152923073102,0.0010191180851412585,0.000767058642669798,0.0003402666632447908,0.00037702371568513777,0.0007526951794139808,0.0005078090017775816,0.0001979551732691343,0.001397417157611746,0.0007795834292793691,0.0007565756919689368,0.0009723082025719864,0.0009569816461333956,0.0009331048952282724,0.0011876412916108033,0.0004973138269224259,0.0006483534774527655,0.00040080091374966955,0.0007652059777774895,0.0008548712957088892,0.0010329429338757608,0.0009871631983582306,0.0012790707222056588,0.0003956332458992458,0.0013654852452625692,0.0002390512397794923,0.0012235767321226029,0.0003028205948313736,0.0014812700724303085
APPAREL,0.0003087943366698525,0.0007066261699621891,0.0002113488325643285,0.00022429201037497807,0.0009654443803624745,0.00046038774870015687,0.00014423548932341075,0.0004604383693891309,0.0005384003566028334,0.00047023175787506115,0.0005345004629897189,0.0005511994819683478,0.0005603898432280022,0.0009776084719364652,0.0004978284174878328,0.0008073145972584445,0.0005038630108239547,0.0011878706846460987,0.0003051406703426661,0.00044288606579667353,8.077360401465523e-05,0.0004925825280977282,0.0005125376723817782,0.0003673002385222954,0.00038697892518163926,0.0006760285673990413,0.00023790920022697304,0.00015157877915465017,0.00034109573704599533,0.0005948143982444618,0.000787420622323942,0.00045778650388636147,0.0006086146252193107,0.0008254991842125709,0.0009893571552947757,0.0009570735683310504,0.0006174954323248048,0.0008318286735415657,0.0007391405892233303,0.0005563282463319413,0.0002467868107050131,0.0002734457718155944,0.000545910789465085,0.00036830103425626793,0.00014357188390948198,0.0010135113450810463,0.0005654121574993226,0.0005487252271423057,0.0007051905645027593,0.0006940746004923527,0.0006767573965391865,0.0008613662114979453,0.0003606891491964847,0.00047023439024046726,0.0002906907726096504,0.0005549845553111463,0.000620016544140513,0.0007491674025912111,0.0007159645174905847,0.0009276776666546536,0.0002869427937291233,0.0009903519361245008,0.0001733778222576537,0.0008874292782427667,0.00021962812372385335,0.0010743277448395645
PAPER,0.0008749172872312492,0.002002107481559536,0.0005988216922655974,0.0006354940293957713,0.002735425744360344,0.0013044319546504444,0.00040866721974966376,0.001304575379935871,0.0015254676770413615,0.0013323233139793402,0.0015144179784708702,0.0015617318655769849,0.0015877712224793398,0.0027698906704866516,0.0014105138495488598,0.002287391358898926,0.001427611864001205,0.0033656336064972793,0.029876045632641034,0.001254843853090575,0.001144292723540949,0.00027913009925537935,0.31363810974725853,0.001040684009146504,0.0010964402880146449,0.0019154142742972842,0.000674076067309757,0.0004294732076048421,0.00096643792163032,0.0016853074616926418,0.0022310250965845023,0.0012970617610113574,0.0017244081047880471,0.002338914355268951,0.0028031786066685313,0.0027117084436046428,0.12091683283887542,0.0023568479083677695,0.0020942316694661026,0.001576263364607167,0.000699229296997537,0.0007747630201441841,0.001546747236817741,0.001043519597059426,0.00040678700441019897,0.002871615477729632,0.0016020011129147472,0.0015547214769031995,0.001998039932757818,0.0019665447013949996,0.0019174792901943617,0.002440537599244178,0.00102195258939004,0.0013323307723479905,0.000823623855727343,0.0015724562400482476,0.0017567135417314538,0.002122640974008432,0.00202856613288999,0.002628420055521518,0.0008130045822325161,0.002805997152352752,0.0004912371630633524,0.0025143829550211727,0.0006222796838842513,0.0030439286103787658
PRINT,0.0004491553987925129,0.001027819883581366,0.0003074164837299324,0.0003262429241817863,0.00140428273507269,0.0006696549072002282,0.00020979707537950655,0.0006697285372932814,0.0007831277914223032,0.0006839734660000889,0.0007774552188941367,0.0008017447010448694,0.0008151124992407306,0.0014219759591803129,0.0007241140618004841,0.0011742757778304645,0.0007328916521075706,0.0017278119049397801,0.000443840975043878,0.0006441979138860706,0.0005874443928338562,0.0007164836772330592,0.00014910186832924453,0.0005342548923960661,0.0005628784366278389,0.000983314279853151,0.000346049745784688,0.00022047822422494568,0.0004961392538850841,0.0008651845792646717,0.001145339087016643,0.000665871278380162,0.0008852576366826339,0.001200726086127376,0.0014390649531560373,0.001392107008481528,0.0008981751742906252,0.001209932616060459,0.001075113584324844,0.000809204721937369,0.00035896263375274624,0.0003977393044590464,0.0007940520574037601,0.0005357105952818442,0.00020883183114106467,0.0014741983201178857,0.0008224176836353782,0.000798145784934263,0.0010257317301858315,0.0010095630552616039,0.0009843743949660894,0.001252896307633375,0.0005246387624676141,0.0006839772948952252,0.0004228229419776733,0.0008072502622707581,0.0009018422460225643,0.0010896980401326707,0.0010414029345317598,0.0013493493333158596,0.00041737133633327025,0.0014405119070901831,0.00025218592328386,0.0012908062228985699,0.0003194590890528776,0.001562658537948457
PETRO,0.04535065917183154,0.008169026783047734,0.0024433205946451917,0.027450283542483113,0.11815722700572558,0.005322361397851814,0.014121965636483035,0.005322946603695559,0.006224234425575181,0.0054361641099798744,0.00617914929183569,0.006372200071846202,0.006478446217923724,0.01130174642556853,0.005755198220351764,0.009333046025881715,0.005824961776646629,0.01373250503613596,0.003527611082900822,0.005120031336406998,0.0046689590805440865,0.0056945525596752535,0.005925246121625708,0.0008492426727045801,0.0044737109077816785,0.007815299953416191,0.0027503745420178857,0.0017523425529545164,0.2337746146899781,0.1747132109752596,0.19273909323701943,0.24651803234280564,0.14897226167299948,0.12123581200867346,0.09686705965931576,0.011064350494493811,0.007138621437330699,0.009616443604730525,0.008544913175415168,0.006431491696231382,0.002853005099514015,0.003161198846898463,0.006311059581240302,0.004257783168750492,0.0016597779912565873,0.011716805398436947,0.006536507214727018,0.006343596186508777,0.008152430313872808,0.008023923032964625,0.007823725659990899,0.00995791544504443,0.004169785164195725,0.005436194541719342,0.0033605615075933833,0.0064159578136727975,0.007167767017866841,0.008660829214804457,0.008276983740080549,0.010724516055416676,0.0033172326002321377,0.011449068594893851,0.002004352702766512,0.010259220292412592,0.002539034218201517,0.012419879838069511
CHEM,0.07558443195305256,0.008383155925460517,0.002507365695422261,0.02196022683398649,0.01145368105793663,0.005461872836851862,0.0017111573960641004,0.005462473382298326,0.006387386048788161,0.005578658582063226,0.006341119129105301,0.006539230217897216,0.006648261321932207,0.011597991417064428,0.0059060553165601985,0.009577686812929729,0.0059776475375023725,0.014092465849665078,0.037345057040801294,0.0052542392351332635,0.004791343329051139,0.00584381999243214,0.006080560567802005,0.004357516466105414,0.11366626429653422,0.3309467123130762,0.002822468239056362,0.0017982755163347135,0.004046635789500218,0.007056661724627479,0.009341671928479496,0.0054310126142881965,0.007220382599192734,0.009793422139976408,0.01173737352417893,0.011354372787927463,0.007325741265307912,0.00986851289974312,0.00876889517214951,0.006600076013301667,0.002927788981545837,0.0032440612019940976,0.006476487093199419,0.004369389542767543,0.0017032846227443088,0.012023930048461504,0.006707844232151055,0.006509876558370082,0.008366124424328191,0.00823424866947746,0.008028803658942167,0.010218935509134715,0.004279084906376478,0.0920804433252697,0.04980722124327625,0.05433803327910042,0.007355650819121541,0.008887849639832095,0.008493942684774665,0.01100563049985748,0.0034041849619682357,0.011749175242204306,0.002056891436783983,0.010528138255516462,0.002605588195087533,0.012745433700142104
PLASTIC,0.0012492134528916765,0.0028586240512106747,0.0008550020953738745,0.0009073631328805931,0.00390566135692092,0.001862477710650635,0.017652457045603795,0.0018626824943469387,0.002178074169893281,0.0019023012023127474,0.002162297327549317,0.05396744018908278,0.002267031638513282,0.0039548706364702455,0.09748385556989018,0.00326595450709098,0.0020383549074241805,0.004805476860613763,0.04481406844896155,0.001791675447995634,0.0016338297175691628,0.001992720227304446,0.002073447856453557,0.001485896419476559,0.0015655056518711773,0.0005469685681683153,0.0009624508554636637,0.0006132050611256302,0.0013798872998678903,0.0024062946110798684,0.003185474335765038,0.001851954492994826,0.0024621228020235758,0.0033395194270417644,0.004002399400965229,0.003871797617339249,0.0024980497034958016,0.0033651250884181526,0.0029901596564034724,0.002250600632888308,0.0009983648251248257,0.0011062124405267228,0.002208457284654208,0.0014899450931276294,0.0005808135303610862,0.00410011407782787,0.002287349182610896,0.002219842964348419,0.0028528163745793447,0.0028078472474463365,0.0027377912859994366,0.0034846178556053246,0.0014591515581130518,0.0019023118514273451,0.001175976307375404,0.002245164791940546,0.002508248746750257,0.0030307226741189907,0.002896401911666456,0.003752877833284735,0.001160814029176908,0.004006423741594572,0.0007013920991332356,0.0035900548074366476,0.0008884955914283159,0.004346144058669147
WHOLE,0.007874255585081242,0.018018967334035824,0.005389395230390377,0.0057194462645619405,0.024618831699243095,0.011739887591854,0.014121965636483035,0.011741178419422838,0.013729209093372255,0.01199090982581406,0.013629761806237834,0.01405558679019287,0.014289941002314057,0.02492901603437986,0.012694624645939736,0.020586522230090335,0.012848506776010845,0.030290702458475514,0.029876045632641034,0.011293594677815174,0.010298634511868543,0.01256085446649207,0.013069710645735338,0.009366156082318534,0.009867962592131803,0.017238728468675555,0.023293473513131813,0.04452282140442497,0.008697941294672882,0.015167767155233776,0.02007922586926052,0.011673555849102216,0.015519672943092425,0.021050229197420556,0.025228607460016778,0.02440537599244179,0.015746133524282523,0.021211631175309928,0.018848085025194923,0.014186370281464505,0.006293063672977835,0.006972867181297657,0.01392072513135967,0.009391676373534831,0.003661083039691791,0.025844539299566687,0.014418010016232725,0.013992493292128795,0.017982359394820364,0.017698902312554995,0.01725731361174926,0.021964838393197607,0.00919757330451036,0.011990976951131917,0.0074126147015460865,0.014152106160434228,0.01581042187558308,0.019103768766075883,0.01825709519600991,0.02365578049969367,0.04214146211539988,0.02525397437117477,0.004421134467570171,0.022629446595190554,0.005600517154958261,0.027395357493408892
RETAIL,0.006465966261783885,0.014796323740723418,0.004425516463695486,0.004696538762700299,0.020215820206983936,0.009640240434903288,0.0030202037309841464,0.009641300401451197,0.011273777164016906,0.009846368020959615,0.011192115755330174,0.011541783092125099,0.011734223686986352,0.02047052891236659,0.010424225348002802,0.016904678385017732,0.010550586075131901,0.02487329221486225,0.006389460703235827,0.009273765801984891,0.008456751571837388,0.010314379603500916,0.010732228230782083,0.007691044388451702,0.008103104160621601,0.014155628487052655,0.004981674465358739,0.000634793553914323,0.007142338009054024,0.012455053005664338,0.016488110606843756,0.009585771945014417,0.012744021394743751,0.01728545261487535,0.02071653922147546,0.02004054047626533,0.01292998011322546,0.01741798828537036,0.015477155974343071,0.01164917630955671,0.005167566248398911,0.005725788737108356,0.011431041076374963,0.007712000444578217,0.0030063082358015776,0.021222313316697067,0.011839387904000968,0.01148997369561616,0.01476626303246687,0.014533501483036842,0.014170889727532665,0.0180364864286388,0.007552612184690029,0.009846423141095847,0.006086888602220256,0.011621040233939459,0.012982770666699834,0.01568711136940991,0.01499186307836346,0.019425008110859565,0.014047154038466627,0.02073736932915243,0.003630426520607235,0.01858223125047733,0.004598879802823718,0.022495771869216336
AIRTRANS,0.0011088523907690163,0.002537430337591498,0.0007589344442082705,0.0008054122190737852,0.0034668230022107034,0.0016532105521505636,0.0005179365298431567,0.0016533923264427882,0.0019333467350738116,0.00168855949418772,0.0019193425716449,0.0019793072307045215,0.0020123089825005535,0.003510503149226397,0.0017876565900699453,0.0028989933265189593,0.0018093262661405649,0.004265535640320082,0.0010957324071395739,0.0015903635999062367,0.0014502533448085826,0.001768819078169115,0.0018404761871891127,0.001318941765602788,0.0013896061404249775,0.002427557128387467,0.0008543103099059487,0.0005443056160553348,0.0002449687566057603,0.0021359244300596584,0.0028275558710723373,0.001643869718501025,0.002185479790560253,0.0029642925251269596,0.0035526916031039676,0.0034367641771887716,0.0022173699615299814,0.0029870211458992587,0.002654186661301959,0.0019977241572828805,0.018122004213361298,0.000981918907883271,0.0534496291139906,0.0013225355321020533,0.0005155535831295034,0.003639427102791031,0.00203034365647484,0.001970422406556462,0.0025322752088962723,0.002492358792677085,0.0024301742875725337,0.0030930877594698945,0.0012952019448419225,0.0016885689467725873,0.001043844138007381,0.0019928990849809344,0.002226423044868206,0.002690192036577531,0.0025709634946252816,0.003331206166623529,0.001030385486572761,0.0035562637706288893,0.0006225839981070294,0.0031866778627808448,0.0007886646260992918,0.003857813265560254
RAILTRANS,0.0004491553987925129,0.001027819883581366,0.0003074164837299324,0.03294034025097973,0.00140428273507269,0.0006696549072002282,0.00020979707537950655,0.0006697285372932814,0.0007831277914223032,0.04603996393013099,0.0007774552188941367,0.0008017447010448694,0.0008151124992407306,0.0014219759591803129,0.0007241140618004841,0.0011742757778304645,0.0007328916521075706,0.0017278119049397801,0.029876045632641034,0.0006441979138860706,0.0005874443928338562,0.0007164836772330592,0.0007455093416462227,0.0005342548923960661,0.0005628784366278389,0.000983314279853151,0.000346049745784688,0.00022047822422494568,0.0004961392538850841,0.00017303691585293437,0.001145339087016643,0.000665871278380162,0.0008852576366826339,0.001200726086127376,0.0014390649531560373,0.001392107008481528,0.0008981751742906252,0.001209932616060459,0.001075113584324844,0.000809204721937369,0.00035896263375274624,0.0003977393044590464,0.0007940520574037601,0.0005357105952818442,0.00020883183114106467,0.0014741983201178857,0.0008224176836353782,0.000798145784934263,0.0010257317301858315,0.0010095630552616039,0.0009843743949660894,0.001252896307633375,0.0005246387624676141,0.0006839772948952252,0.0004228229419776733,0.0008072502622707581,0.0009018422460225643,0.0010896980401326707,0.0010414029345317598,0.0013493493333158596,0.00041737133633327025,0.0014405119070901831,0.00025218592328386,0.0012908062228985699,0.0003194590890528776,0.001562658537948457
WATERTRANS,0.0002386138056085225,0.0005460293131526008,0.00016331500698152658,0.00017331655347157398,0.0007460252030073667,0.0003557541694501213,0.00011145469629536286,0.00035579328543705575,0.0004160366391930986,0.00036336090381254734,0.00041302308503751,0.00042592687243008697,0.00043302851522163805,0.0007554247283145413,0.0003846855953315072,0.0006238340069724344,0.0003893486901821468,0.0009179000744992581,0.0002357905179920602,0.000342230141751975,0.0003120798336929861,0.0003806319535300627,0.00039605183774955584,0.0002838229115854101,0.00029902916945853946,0.0005223857111719865,0.03494021026969772,0.0001171290566195024,0.00026357397862645095,0.00045962930773435685,0.00012169227799551833,0.00035374411663946113,0.00047029311948764926,0.0006378857332551683,0.0007645032563641448,0.0007395568482558118,0.0004771555613418947,0.000642776702282119,0.0005711540916725735,0.0004298900085292274,0.00019069889918114647,0.00021129900549386843,0.00042184015549574756,0.00028459625374347976,0.00011094191029369063,0.0007831678575626269,0.00043690939443129473,0.0004240149482463272,0.0005449199816612232,0.0005363303731077272,0.0005229488973257351,0.0006656011634302307,0.00027871434256092,0.0003633629379130884,0.000224624687925639,0.00042885170183134034,0.0004791036931994874,0.0005789020838204813,0.0005532453089699973,0.0007168418333240506,0.00022172852242704984,0.0007652719506416599,0.00013397377174455063,0.0006857408059148653,0.00016971264105934125,0.000830162348285118
TRUCK,0.001787264191028541,0.004089866620084186,0.0012232614248420225,0.0012981749691400246,0.005587875049976747,0.0026646684849009083,0.010591474227362275,0.002664961471312849,0.003116196003367915,0.002721644416792021,0.003093623891849585,0.003190275789574376,0.0032434684865620743,0.005658279337571663,0.002881370537581093,0.004672639032617058,0.0029162980323447075,0.006875251538406208,0.029876045632641034,0.0025633708656716556,0.0023375391464847198,0.0028510079656565482,0.002966505921967261,0.002125889259326013,0.002239787112414943,0.003912771405248997,0.03494021026969772,0.014840940468141658,0.0019742207810843973,0.0034427136383240065,0.004557495117087059,0.0005299225590442125,0.003522587679299647,0.004777889217715183,0.005726279292766732,0.005539425804582746,0.0035739887143647793,0.004814523534740577,0.0042780561376259425,0.003219960456042449,0.001428372146807803,0.0015826709823266224,0.0031596654784191284,0.002131681743725672,0.0008309766614154867,0.005866080815469087,0.00327253703279911,0.0031759551025509216,0.00408155750969779,0.004017219657395133,0.003916989779969232,0.004985483224124471,0.002087625075652381,0.002721659652603917,0.001682482956619492,0.0032121833352857254,0.0035885806039647875,0.004336090118027919,0.004143915843657628,0.005369285888819359,0.0016607901091594713,0.005732036963629688,0.001003489819733693,0.005136333095283893,0.001271180958522909,0.006218078765586569
TRANSIT,0.0003087943366698525,0.0007066261699621891,0.0002113488325643285,0.00022429201037497807,0.0009654443803624745,0.00046038774870015687,0.00014423548932341075,0.0004604383693891309,0.0005384003566028334,0.00047023175787506115,0.0005345004629897189,0.0005511994819683478,0.0005603898432280022,0.0009776084719364652,0.0004978284174878328,0.0008073145972584445,0.0005038630108239547,0.0011878706846460987,0.0003051406703426661,0.00044288606579667353,0.0004038680200732761,0.0004925825280977282,0.0005125376723817782,0.0003673002385222954,0.00038697892518163926,0.0006760285673990413,0.00023790920022697304,0.00015157877915465017,0.00034109573704599533,0.0005948143982444618,0.000787420622323942,0.00045778650388636147,0.00012172292504386215,0.0008254991842125709,0.0009893571552947757,0.0009570735683310504,0.0006174954323248048,0.0008318286735415657,0.0007391405892233303,0.0005563282463319413,0.0002467868107050131,0.0002734457718155944,0.000545910789465085,0.00036830103425626793,0.00014357188390948198,0.0010135113450810463,0.0005654121574993226,0.0005487252271423057,0.0007051905645027593,0.0006940746004923527,0.0006767573965391865,0.0008613662114979453,0.0003606891491964847,0.00047023439024046726,0.0002906907726096504,0.0005549845553111463,0.000620016544140513,0.0007491674025912111,0.0007159645174905847,0.0009276776666546536,0.0002869427937291233,0.0009903519361245008,0.0001733778222576537,0.0008874292782427667,0.00021962812372385335,0.0010743277448395645
PIPE,0.0003087943366698525,0.0007066261699621891,0.0002113488325643285,0.00022429201037497807,0.0009654443803624745,0.1690355472784326,0.00014423548932341075,0.0004604383693891309,0.0005384003566028334,0.00047023175787506115,0.0005345004629897189,0.0005511994819683478,0.0005603898432280022,0.0009776084719364652,0.0004978284174878328,0.0008073145972584445,0.0005038630108239547,0.0011878706846460987,0.0003051406703426661,0.00044288606579667353,0.0004038680200732761,0.0004925825280977282,0.0005125376723817782,0.0359620324444102,0.07577750953102282,0.0006760285673990413,0.00023790920022697304,0.00015157877915465017,0.00034109573704599533,0.0005948143982444618,0.000787420622323942,0.00045778650388636147,0.0006086146252193107,0.0001650998368425142,0.0009893571552947757,0.0009570735683310504,0.0006174954323248048,0.0008318286735415657,0.0007391405892233303,0.0005563282463319413,0.0002467868107050131,0.0002734457718155944,0.000545910789465085,0.00036830103425626793,0.00014357188390948198,0.0010135113450810463,0.0005654121574993226,0.0005487252271423057,0.0007051905645027593,0.0006940746004923527,0.0006767573965391865,0.0008613662114979453,0.0003606891491964847,0.00047023439024046726,0.0002906907726096504,0.0005549845553111463,0.000620016544140513,0.0007491674025912111,0.0007159645174905847,0.0009276776666546536,0.0002869427937291233,0.0009903519361245008,0.0001733778222576537,0.0008874292782427667,0.00021962812372385335,0.0010743277448395645
OTHERTRANS,0.000617588673339705,0.0014132523399243782,0.000422697665128657,0.00044858402074995614,0.001930888760724949,0.0009207754974003137,0.0002884709786468215,0.0009208767387782618,0.0010768007132056668,0.0009404635157501223,0.0010690009259794377,0.0011023989639366955,0.0011207796864560044,0.0019552169438729304,0.0009956568349756656,0.001614629194516889,0.0010077260216479094,0.0023757413692921973,0.0006102813406853322,0.0008857721315933471,0.0008077360401465522,0.0009851650561954564,0.0010250753447635563,0.0007346004770445908,0.0007739578503632785,0.0013520571347980827,0.023293473513131813,0.00030315755830930035,0.04174546690892466,0.0011896287964889235,0.001574841244647884,0.056026825532455825,0.0012172292504386215,0.0016509983684251418,0.00039574286211791024,0.0019141471366621008,0.0012349908646496096,0.0016636573470831314,0.0014782811784466606,0.0011126564926638826,0.0004935736214100262,0.0005468915436311888,0.00109182157893017,0.0007366020685125359,0.00028714376781896397,0.0020270226901620927,0.0011308243149986451,0.0010974504542846115,0.0014103811290055186,0.0013881492009847054,0.001353514793078373,0.0017227324229958905,0.0007213782983929694,0.0009404687804809345,0.0005813815452193008,0.0011099691106222925,0.001240033088281026,0.0014983348051824223,0.0014319290349811694,0.0018553553333093072,0.0005738855874582467,0.0019807038722490016,0.0003467556445153074,0.0017748585564855335,0.0004392562474477067,0.002148655489679129
WAREHOUSE,0.0005006211215708216,0.0011455909119083977,0.00034264128915732046,0.0003636249259109493,0.001565190131799769,0.0007463861986502545,0.000233836323600075,0.0007464682655248032,0.0008728611841894421,0.0007623454256459326,0.0008665386293924231,0.0008936112813729272,0.0009085108064453976,0.001584910704503057,0.0008070854647151229,0.001308828210706872,0.0008168688205782296,0.001925790352380796,0.022407034224480774,0.000718012258185516,0.0006547557295127356,0.0007985807652493473,0.0008309322870431856,0.0005954715988164487,0.0006273749241581121,0.0010959857077529915,0.023293473513131813,0.011130705351106242,0.00055298854339275,0.0009643203123054153,0.0012765758574039665,0.0007421690290278889,0.0009866934075525192,0.0013383092834961376,0.001603957812371833,0.0003103238539740072,0.0010010910796780926,0.0013485707283173868,0.0011983036825287325,0.0009019260963260261,0.0004000937688702485,0.0004433135997616456,0.0008850371889812742,0.0005970941009912223,0.0002327604784593117,0.0016431168776313934,0.0009166530432185988,0.0008895999894579804,0.0011432634909362917,0.0011252421553436627,0.0010971672943892873,0.0013964573428830328,0.0005847536206670282,0.0007623496932686365,0.00047127140407928175,0.0008997476881559492,0.00100517833671265,0.0012145592738978725,0.0011607303541135237,0.001503962277758302,0.0004651951352881242,0.0016055705631109333,0.0002810822269934689,0.0014387111026056977,0.0003560637763401865,0.0017417131620883846
PUBLISH,0.001787264191028541,0.004089866620084186,0.0012232614248420225,0.0012981749691400246,0.005587875049976747,0.0026646684849009083,0.0008348175291142864,0.002664961471312849,0.003116196003367915,0.002721644416792021,0.003093623891849585,0.003190275789574376,0.0032434684865620743,0.005658279337571663,0.002881370537581093,0.004672639032617058,0.0029162980323447075,0.006875251538406208,0.0017661172131954311,0.0025633708656716556,0.0023375391464847198,0.0028510079656565482,0.002966505921967261,0.002125889259326013,0.002239787112414943,0.003912771405248997,0.0013769896134349048,0.011130705351106242,0.0019742207810843973,0.0034427136383240065,0.004557495117087059,0.0026496127952210613,0.003522587679299647,0.004777889217715183,0.005726279292766732,0.005539425804582746,0.000714797742872956,0.004814523534740577,0.0042780561376259425,0.003219960456042449,0.024162672284481736,0.02677282693139956,0.04008722183549294,0.002131681743725672,0.0008309766614154867,0.005866080815469087,0.00327253703279911,0.08058778222258135,0.00408155750969779,0.004017219657395133,0.003916989779969232,0.004985483224124471,0.002087625075652381,0.002721659652603917,0.001682482956619492,0.0032121833352857254,0.0035885806039647875,0.004336090118027919,0.004143915843657628,0.005369285888819359,0.0016607901091594713,0.005732036963629688,0.016975264961044824,0.005136333095283893,0.021503589931871823,0.006218078765586569
MOVIE,0.0004491553987925129,0.001027819883581366,0.0003074164837299324,0.0003262429241817863,0.00140428273507269,0.0006696549072002282,0.00020979707537950655,0.0006697285372932814,0.0007831277914223032,0.0006839734660000889,0.0007774552188941367,0.0008017447010448694,0.0008151124992407306,0.0014219759591803129,0.0007241140618004841,0.0011742757778304645,0.0007328916521075706,0.0017278119049397801,0.000443840975043878,0.0006441979138860706,0.0005874443928338562,0.0007164836772330592,0.0007455093416462227,0.0005342548923960661,0.0005628784366278389,0.000983314279853151,0.000346049745784688,0.00022047822422494568,0.0004961392538850841,0.0008651845792646717,0.001145339087016643,0.000665871278380162,0.0008852576366826339,0.001200726086127376,0.0014390649531560373,0.001392107008481528,0.0008981751742906252,0.00024198652321209184,0.001075113584324844,0.000809204721937369,0.00035896263375274624,0.0003977393044590464,0.0007940520574037601,0.0005357105952818442,0.00020883183114106467,0.0014741983201178857,0.0008224176836353782,0.000798145784934263,0.0010257317301858315,0.0010095630552616039,0.0009843743949660894,0.001252896307633375,0.0005246387624676141,0.0006839772948952252,0.0004228229419776733,0.0008072502622707581,0.0009018422460225643,0.0010896980401326707,0.0010414029345317598,0.0013493493333158596,0.00041737133633327025,0.0014405119070901831,0.00025218592328386,0.0012908062228985699,0.0003194590890528776,0.001562658537948457
BROADCAST,0.0029148313900805786,0.0066701227861582415,0.0019950048892057068,0.002117180643388051,0.009113209832815479,0.004345781324851482,0.0013614956037649225,0.004346259153476191,0.005082173063084322,0.004438702805396412,0.005045360430948407,0.0052029890494891,0.005289740489864324,0.00922803148509724,0.004699198546892725,0.007620560516545619,0.004756161450656421,0.011212779341432113,0.0028803429942951667,0.0041805760453231455,0.0038122693409947126,0.004649680530377041,0.004838044998391632,0.0034670916454453047,0.0036528465210327464,0.006381299961963679,0.002245718662748548,0.007420470234070829,0.0032197370330250765,0.005614687425853027,0.007432773450118422,0.00432122715032126,0.005744953204721676,0.007792211996430783,0.009338931935585534,0.009034194440458249,0.005828782641490203,0.007851958539642356,0.001395407839654954,0.005251401476739386,0.018122004213361298,0.0025811623612290203,0.005153066997526485,0.0034765385506311352,0.0013552315708425346,0.00956693284826503,0.005337148092758757,0.005179633583479644,0.006656571540685138,0.006551643577374785,0.006388179667332019,0.008130774996412423,0.003404686968930454,0.004438727653330471,0.0027439447172092762,0.005238717847861275,0.005852580409083933,0.007071686239610978,0.006758271127221732,0.008756714944331048,0.002708566068079452,0.009348322063720667,0.012731448720783618,0.00837679455068551,0.002073156379999404,0.010141002803561342
INFODATA,0.0009217043079388027,0.0021091720527659286,0.0006308442426541321,0.000669477667331374,0.0028817051959304165,0.0013741876741504683,0.0004305210817683625,0.0013743387692372547,0.0016070434886478518,0.0014035705500210162,0.001595402897105676,0.0016452469386024926,0.0016726787744835824,0.002918013166234601,0.001485942397653077,0.0024097117524229327,0.001503954744429077,0.0035456140132618403,0.0009107986675379581,0.0013219478024537074,0.001205484847794476,0.0014702842126553405,0.0015298472948365195,0.0010963355604377606,0.0011550734584967113,0.0020178428451153208,0.0007101229158289953,0.00045243968929494074,0.0010181190939100165,0.001775430855366045,0.0023503312514820693,0.0013664233525092911,0.0018166224419424882,0.002463989989240553,0.002953081205955618,0.0028567195903214685,0.0018431303055755541,0.0024828825558740678,0.0022062226678332742,0.000332111104628462,0.0007366212380134482,0.0008161941976920016,0.0016294609927972993,0.0010993227840679512,0.00042854032015405993,0.0030251778027419116,0.0016876696216267663,0.001637861662833852,0.0021048869879855088,0.002071707519651417,0.002020018289669996,0.0025710476312893224,0.0010766024604804165,0.0014035784072329099,0.0008676679121833507,0.0016565448090347852,0.001850655442358804,0.0022361511865222517,0.0021370456052370486,0.0027689772777419208,0.0008564807631005651,0.0029560504760079804,0.0005175065300720877,0.002648841936573107,0.0006555566723272594,0.0032067055414150636
CREDIT,0.02267532958591577,0.010203253635969188,0.0030517490520273497,0.003238640695262941,0.01394043173462785,0.006647720068352266,0.010591474227362275,0.006648451000421845,0.00777417484609849,0.0067898615947717175,0.007717862745897002,0.007958986459330838,0.008091689706004334,0.014116073844779566,0.007188340634331889,0.011657133502837841,0.007275476504776195,0.017152132764662608,0.004406046346008497,0.006395006374306513,0.005831609441361093,0.007112593170865682,0.0074007333603005225,0.005303592838056781,0.005587741146940943,0.009761442798958886,0.023293473513131813,0.011130705351106242,0.004925215718255054,0.008588759417075334,0.011369876561738133,0.006610159669753067,0.008788026330818231,0.011919707917493638,0.014285717712059413,0.0138195622821135,0.008916259803114229,0.012011101907350184,0.01067274214439142,0.008033042708399092,0.000712690395763265,0.003948391220306993,0.00788262094485191,0.005318043721912476,0.014056992633682918,0.014634489573670261,0.00816420888025537,0.007923259719191172,0.010182524363198933,0.010022016579836548,0.009771966650027952,0.01243760605390215,0.005208132714912878,0.006789899604532808,0.014230634640936069,0.008013640624417007,0.008952663129786499,0.010817523252567034,0.010338093714674656,0.013395103277604316,0.004143280036725068,0.014300081744343171,0.008487632480522412,0.012813940941899346,0.0031712969986186705,0.015512641527759163
SECURIT,0.003382701597156113,0.0077407684982221635,0.002315230393091053,0.002457017022744078,0.010576004348516195,0.005043338519851719,0.0015800342239519086,0.005043893046490025,0.005897931179149222,0.00515117516581317,0.005855209617296466,0.006038139779744173,0.0061388160099067526,0.010709256442576733,0.0054534840279348955,0.008843764451785687,0.005519590254935141,0.013012583409077717,0.003342677343299206,0.004851615538954468,0.004424190583529979,0.005396017694161477,0.005614617229273114,0.004023607158357872,0.004239178225853413,0.007405585670144044,0.0026061871479409323,0.0016604766261941223,0.003736548755822039,0.0065159213625870585,0.008625834999094091,0.0050148430653005945,0.006667096576266087,0.009042968336146798,0.010837957928456406,0.010484305907626508,0.006764381781376272,0.009112305014705334,0.008096949181946481,0.006094323062090811,0.036244008426722596,0.0005990948273414386,0.06681203639248826,0.07212003888981829,0.0015727647282811432,0.011102556098387825,0.006193833179878943,0.006011035442786168,0.007725042092962045,0.06795621315729672,0.007413569662088361,0.009435875316863854,0.003951185679834219,0.005151204002179664,0.003184385281769352,0.006079603537726647,0.0067919994153574385,0.008206788364749177,0.007843065850692315,0.010162287166535068,0.0031433278767599416,0.010848855300272941,0.0018992752347315705,0.009721384366204856,0.002405926264429485,0.011768772113924318
INSURE,0.0036400302110476566,0.008329623639857321,0.0024913544202279933,0.002643927031389893,0.011380541332151592,0.005426994977101851,0.010591474227362275,0.005427591687647636,0.006346598142984916,0.005543034964042388,0.006300626669787899,0.0064974726813844625,0.006605807545930088,0.011523930169190455,0.04874192778494509,0.009516526616167725,0.005939476097288437,0.0140024756462828,0.0035969612352514282,0.0052206872604516966,0.004760747266924377,0.005806503134242919,0.006041731956257931,0.004329690690459786,0.004561660663504778,0.007968942809643246,0.011646736756565907,0.0017867922754896642,0.025047280145354792,0.007011600027790777,0.00928201885103071,0.00539633181853923,0.007174275430615512,0.009730884322990609,0.011662422224535385,0.01128186721456905,0.0072789613083136095,0.009805495575989974,0.008712899672965926,0.006557929934034096,0.0029090930110378817,0.0032233456132201898,0.001287026043041928,0.00434148794926328,0.0016924079648723788,0.011947148885955366,0.006665009977795047,0.0064683064654047565,0.008312700896714344,0.00818166726034925,0.00797753415920435,0.010153680493112143,0.004251759970831289,0.005543065994046721,0.028461269281872138,0.006542090667152603,0.007308679868807865,0.008831094533575187,0.008439702948601135,0.01093535188874728,0.003382446871534212,0.011674148580376693,0.002043756753279615,0.010460908764740495,0.0025889497008660294,0.012664045234623958
FUNDS,0.0005474081422783752,0.00125265548311479,0.00037466383954585505,0.00039760856384655205,0.0017114695833698411,0.0008161419181502781,0.0002556901856187736,0.0008162316548261867,0.0009544369957959322,0.0008335926616876084,0.000947523548027229,0.0009771263543984345,0.0009934183584496402,0.0017330332002510062,0.0008825140128193401,0.0014311486042308786,0.0008932117010061016,0.0021057707591453567,0.0005409311883347262,0.0007851162075486485,0.0007159478537662623,0.0008732144816277909,0.0009085895101313339,0.0006511231501077055,0.0006860080946401788,0.001198414278571028,0.00042174812767508855,0.00026870783577415255,0.0006046697156724463,0.0010544437059788186,0.0013958820123015335,0.0008115306205258225,0.00107890774470696,0.0014633849174677394,0.0017538604116589206,0.0016966304165868622,0.0010946509936666997,0.0014746053758236848,0.0013102946808959037,0.0009862182548611687,0.0004374857098861595,0.00048474477730946284,0.0009677509449608325,0.00013057945759994955,0.0002545137942031726,0.0017966792026436731,0.0010023215519306173,0.000972740175388633,0.0012501105461639826,0.0012304049736000797,0.0011997062938649216,0.0015269673749281761,0.0006394034917574047,0.0008335973281535556,0.0005153154605352894,0.0009838362571424866,0.0010991202373400002,0.0013280694864116925,0.001269209826460582,0.0016445194999787042,0.0005086713161561731,0.0017556238867661605,0.0003073515940022044,0.0015731700841576323,0.0003893407647831946,0.001904490093124682
REALE,0.013348337007864992,0.030545522165183726,0.009136033625848927,0.009695531903027462,0.0417335275329415,0.019901306773356782,0.00623490683393471,0.019903494967684704,0.023273579051331574,0.020326836442690142,0.023104997286510123,0.023826850334177207,0.02422412458681046,0.042259348036889924,0.021519764774133136,0.03489800827239912,0.021780623786071863,0.05134841004992908,0.013190398977085249,0.019144756753301656,0.017458113049531165,0.021292999282769978,0.02215560574704868,0.01587738758339559,0.01672804353853359,0.029222871254385833,0.023293473513131813,0.029681880936283316,0.014744638451397344,0.02571220421502196,0.034038045992275855,0.01978886205436044,0.026308750390162023,0.03568407837209795,0.042767211576605985,0.04137168015831041,0.02669264346094952,0.03595768493354677,0.03195103183415396,0.024048552830076186,0.010667920771839428,0.011820314954392286,0.02359823458096799,0.015920649253532308,0.0012412441963447036,0.043811331326003414,0.069198737912133,0.023719895046015127,0.0690445670881338,0.030002952048555794,0.0662607014611549,0.037234512142479366,0.03531474669860127,0.057550277078293556,0.028461269281872138,0.02399046873185909,0.026801624248983084,0.03238446363019281,0.03094919346061573,0.040100975499480704,0.05618861615386651,0.042810213238836374,0.007494650407592213,0.03836114743676687,0.009493924802790207,0.04644025842465571
RENTAL,0.02267532958591577,0.0038757374776714013,0.0011592163240649533,0.02196022683398649,0.0052953161468366015,0.0025251570459008605,0.02118294845472455,0.0025254346927100816,0.002953044380154935,0.002579149944708669,0.0029316540545799735,0.0030232456435233617,0.0030736533825535886,0.005362034346075763,0.002730513441372659,0.004427998245569044,0.0027636122714889636,0.006515290724877087,0.001673650343394623,0.002429162966945391,0.0022151548979776657,0.0027017405328996604,0.0028111914757909646,0.0020145861567434993,0.002122520771450809,0.0037079142636129237,0.0013048959163964279,0.000831386637181566,0.0018708584365250045,0.003262466850977199,0.004318882807291924,0.0025108896122251942,0.003338159004990765,0.004527737949771979,0.005426474094192558,0.005249403511149094,0.003386868886387566,0.004562454239727981,0.0040540741408916,0.003051376138972163,0.0013535882647759806,0.0014998086272309877,0.002994237966460012,0.002020075369708621,0.0007874700299277648,0.0011117912330889056,0.003101200015375072,0.003009674730689616,0.003867863399242407,0.0038068940208822984,0.0037119117810179626,0.004724463160034185,0.001978325333471628,0.0025791643828340783,0.0015943948437074766,0.0030440061973126503,0.0034006968027100863,0.004109069693000279,0.00392695689896351,0.005088171444378555,0.0015738377474233734,0.005431930316319231,0.000950951085716222,0.004867415132180024,0.0012046269816368925,0.005892524903513974
LEGAL,0.001553329087490774,0.0035545437640522246,0.0010631486728993496,0.001128256779462011,0.004856477792126388,0.0023158898874007894,0.0007255482190207934,0.002316144524805932,0.002708316945335466,0.002365408236583641,0.0026886992986755558,0.00277270042444684,0.0028189307265408603,0.004917666858831916,0.0025042277970600078,0.004061037064997024,0.0025345836302053484,0.005975349504583406,0.0015349500386934115,0.0022278511188559944,0.002031578525217086,0.00247783938376433,0.00257821980652652,0.001847631502869729,0.0019466212600046098,0.0034006285511588145,0.001196755370838713,0.0007624871921112706,0.001715814919685916,0.00299209666995699,0.003960964342599224,0.002302804837731394,0.0030615159935274425,0.004152511047857175,0.004976766296331297,0.004814370070998618,0.003106189144421746,0.004184350297209088,0.0037181011457900867,0.0027984996633667355,0.024162672284481736,0.02677282693139956,0.002746096698521337,0.001852665808683045,0.014056992633682918,0.005098269190407688,0.0005688388978478035,0.0027602541728976595,0.003547322233559335,0.05096715986797254,0.0034042947825910605,0.004332933063898755,0.0018143757202004989,0.0023654214781793203,0.0014622626743394538,0.002791740490353039,0.0031188711008280356,0.00376853905545882,0.003601518481922336,0.004666499777717348,0.0014434092048192266,0.0049817703453535495,0.000872142984690016,0.004464038187524221,0.0011047960163078688,0.005404194110405082
COMPDES,0.0029148313900805786,0.0066701227861582415,0.0019950048892057068,0.002117180643388051,0.009113209832815479,0.004345781324851482,0.0013614956037649225,0.004346259153476191,0.005082173063084322,0.004438702805396412,0.005045360430948407,0.0052029890494891,0.005289740489864324,0.00922803148509724,0.03655644583870882,0.007620560516545619,0.004756161450656421,0.011212779341432113,0.0028803429942951667,0.0041805760453231455,0.0038122693409947126,0.004649680530377041,0.004838044998391632,0.0034670916454453047,0.0036528465210327464,0.006381299961963679,0.002245718662748548,0.014840940468141658,0.0032197370330250765,0.005614687425853027,0.007432773450118422,0.00432122715032126,0.005744953204721676,0.007792211996430783,0.009338931935585534,0.009034194440458249,0.045343812314578284,0.007851958539642356,0.006977039198274769,0.005251401476739386,0.04832534456896347,0.040159240397099345,0.06681203639248826,0.0034765385506311352,0.0013552315708425346,0.00956693284826503,0.005337148092758757,0.001035926716695929,0.006656571540685138,0.006551643577374785,0.006388179667332019,0.008130774996412423,0.003404686968930454,0.004438727653330471,0.03557658660234018,0.005238717847861275,0.005852580409083933,0.007071686239610978,0.006758271127221732,0.008756714944331048,0.002708566068079452,0.009348322063720667,0.03395052992208965,0.00837679455068551,0.032255384897807736,0.010141002803561342
MISCPROF,0.015116886390610512,0.010524447349588364,0.0031478167031929534,0.02196022683398649,0.014379270089338068,0.006856987226852338,0.014121965636483035,0.006857741168325995,0.00801890228091796,0.007003603302896745,0.00796081750180142,0.00820953167840736,0.008346412362017063,0.014560441332023413,0.007414626278644541,0.012024094683409862,0.007504505146059812,0.01769207398495629,0.00454474665070971,0.00659631822239591,0.006015185814121675,0.007336494320001014,0.007633705029564967,0.005470547491930553,0.005763640658387144,0.010068728511412996,0.003543405209441129,0.0022576051501366837,0.005080259235094144,0.008859129598095546,0.011727795026430834,0.006818244444246869,0.009064669342281553,0.012294934819408443,0.014735425509920675,0.01425459572226398,0.009196939545080048,0.012389205849869078,0.011008715139492935,0.008285919184004521,0.024162672284481736,0.02677282693139956,0.008130762212790585,0.005485453282938052,0.002138350937621527,0.0150951765487071,0.008421214406391427,0.008172680276983129,0.0021006131057764014,0.0103375050346058,0.010079583648454855,0.012829136150037581,0.005372082328184007,0.007003642509187565,0.004329530749625552,0.008265906331376619,0.00923448883166855,0.011158053890108495,0.010663532131715833,0.013816774944265522,0.004273708579329215,0.014750241715308855,0.02121908120130603,0.013217317886555148,0.021503589931871823,0.016000972320868057
MGMT,0.002161560356688968,0.004946383189735324,0.0014794418279502996,0.0015700440726248467,0.006758110662537321,0.0032227142409010988,0.0010096484252638753,0.003223068585723917,0.0037688024962198347,0.0032916223051254285,0.003741503240928033,0.003858396373778434,0.003922728902596016,0.006843259303555256,0.0034847989224148297,0.005651202180809111,0.0035270410757676837,0.008315094792522692,0.014938022816320517,0.0031002024605767146,0.0028270761405129333,0.003448077696684098,0.0035877637066724466,0.002571101669656068,0.0027088524762714753,0.00473219997179329,0.01747010513484886,0.011130705351106242,0.0023876701593219672,0.004163700787711233,0.005511944356267595,0.00320450552720453,0.004260302376535175,0.005778494289487997,0.00692550008706343,0.006699514978317353,0.004322468026273634,0.005822800714790959,0.005173984124563312,0.0038942977243235895,0.024162672284481736,0.02677282693139956,0.0038213755262555956,0.0025781072397938758,0.001005003187366374,0.007094579415567326,0.003957885102495258,0.0038410765899961406,0.004936333951519316,0.000971704440689294,0.004737301775774306,0.006029563480485618,0.0025248240443753933,0.0032916407316832715,0.002034835408267553,0.0038848918871780243,0.004340115808983591,0.005244171818138478,0.005011751622434094,0.006493743666582575,0.0020085995561038633,0.006932463552871506,0.0012136447558035762,0.006212004947699369,0.0015373968660669737,0.007520294213876951
ADMIN,0.003382701597156113,0.0077407684982221635,0.002315230393091053,0.002457017022744078,0.010576004348516195,0.005043338519851719,0.0015800342239519086,0.005043893046490025,0.005897931179149222,0.00515117516581317,0.005855209617296466,0.006038139779744173,0.0061388160099067526,0.010709256442576733,0.0054534840279348955,0.008843764451785687,0.005519590254935141,0.013012583409077717,0.003342677343299206,0.004851615538954468,0.004424190583529979,0.005396017694161477,0.005614617229273114,0.004023607158357872,0.004239178225853413,0.007405585670144044,0.01747010513484886,0.011130705351106242,0.003736548755822039,0.0065159213625870585,0.008625834999094091,0.0050148430653005945,0.006667096576266087,0.009042968336146798,0.010837957928456406,0.010484305907626508,0.006764381781376272,0.009112305014705334,0.008096949181946481,0.006094323062090811,0.018122004213361298,0.002995474136707193,0.005980204557322068,0.00403457042071639,0.0015727647282811432,0.011102556098387825,0.006193833179878943,0.006011035442786168,0.007725042092962045,0.007603271759938955,0.0014827139324176722,0.009435875316863854,0.003951185679834219,0.005151204002179664,0.0213459519614041,0.006079603537726647,0.0067919994153574385,0.008206788364749177,0.007843065850692315,0.010162287166535068,0.0031433278767599416,0.010848855300272941,0.016975264961044824,0.009721384366204856,0.021503589931871823,0.011768772113924318
WASTE,0.0005006211215708216,0.0011455909119083977,0.00034264128915732046,0.0003636249259109493,0.001565190131799769,0.0007463861986502545,0.000233836323600075,0.0007464682655248032,0.0008728611841894421,0.0007623454256459326,0.0008665386293924231,0.0008936112813729272,0.0009085108064453976,0.001584910704503057,0.0008070854647151229,0.001308828210706872,0.0008168688205782296,0.001925790352380796,0.0004946977534343223,0.000718012258185516,0.0006547557295127356,0.0007985807652493473,0.0008309322870431856,0.0005954715988164487,0.0006273749241581121,0.0010959857077529915,0.0003857012791558502,0.0002457413540840541,0.00055298854339275,0.0009643203123054153,0.0012765758574039665,0.0007421690290278889,0.0009866934075525192,0.0013383092834961376,0.001603957812371833,0.0015516192698700362,0.0010010910796780926,0.0013485707283173868,0.0011983036825287325,0.0009019260963260261,0.0004000937688702485,0.0004433135997616456,0.0008850371889812742,0.0005970941009912223,0.0002327604784593117,0.0016431168776313934,0.0009166530432185988,0.0008895999894579804,0.0011432634909362917,0.0011252421553436627,0.0010971672943892873,0.00027929146857660653,0.0005847536206670282,0.0007623496932686365,0.00047127140407928175,0.0008997476881559492,0.00100517833671265,0.0012145592738978725,0.0011607303541135237,0.001503962277758302,0.0004651951352881242,0.0016055705631109333,0.0002810822269934689,0.0014387111026056977,0.0003560637763401865,0.0017417131620883846
EDUC,0.0009918848390001326,0.0022697689095755166,0.0006788780682369341,0.0007204531242347781,0.003101124373285524,0.001478821253400504,0.0004633018747964103,0.0014789838531893296,0.0017294072060575864,0.0015104414040835298,0.0017168802750578847,0.0017705195481407534,0.0018000401024899466,0.0031401969098565244,0.0015990852198094023,0.002593192342708943,0.0016184690650708849,0.00381558462340868,0.0009801488198885636,0.001422603726498406,0.0012972730341747657,0.001582234787223006,0.0016463331294687418,0.001179812887374646,0.001243023214219811,0.0021714857013423756,0.0007641931886078528,0.00048688941183008843,0.0010956408523295606,0.00191061594587615,0.0025292904838284196,0.0014704657397561914,0.0019549439476741494,0.002651603440197955,0.0031779351048862488,0.0030742363103967068,0.001983470176558464,0.0026719345271335143,0.002374209165384031,0.0017869937609450237,0.0007927091495373148,0.0008783409640137275,0.0017535316267666367,0.0011830275645807393,0.00046117029376985117,0.0032555212902603305,0.0018161723846947936,0.0017625719417298307,0.002265157570827045,0.002229451747036042,0.0021738267888834475,0.0027668126793570363,0.00023171545342319622,0.001510449859560289,0.0009337339968673618,0.0017826776625145908,0.0019915682932998293,0.0024064165052929813,0.002299764813757636,0.002979813111072523,0.0009216950344026386,0.0031811304614908203,0.0005569105805851908,0.002850530408901008,0.0007054721549917713,0.0034508709379695098
AMBULAT,0.0053945434875809104,0.012344545060097032,0.0036922000597980416,0.003918313453974995,0.016866020766029288,0.00804283445835274,0.002519750290755948,0.008043718786449515,0.009405691078228287,0.008214806315605234,0.009337561118593119,0.009629287919840983,0.00978984074608919,0.017078523759738548,0.00869691159641623,0.014103541373317974,0.008802334113333634,0.020751740899953814,0.005330715044016576,0.00773708536156916,0.007055451926431627,0.008605267498434556,0.008953877822063487,0.006416623863881918,0.0067604045565822736,0.011810014215319617,0.00415620163426818,0.0026480353388683583,0.005958839163848979,0.010391227290543401,0.013755999659689473,0.007997391499711739,0.01063231307390705,0.01442122059692567,0.017283769697801155,0.01671978521645002,0.010787458082886364,0.01453179485747614,0.012912562111734846,0.009718885879101944,0.004311290799134546,0.004777014771263338,0.009536896064443075,0.0064341074620829835,0.0025081573052671623,0.017705736073915856,0.00987757905449574,0.00958606343780422,0.01231946546775275,0.012125272944964889,0.011822746639540638,0.015047806694805016,0.006301130136720407,0.001642970460446239,0.028461269281872138,0.05433803327910042,0.010831501142333506,0.01308772750284343,0.012507683161615823,0.016206247722012356,0.005012803654086048,0.017301148217447715,0.003028858016107193,0.015503120572938033,0.0038368367674788324,0.018768180148485115
HOSPITAL,0.005441330508288464,0.012451609631303425,0.0037242226101865767,0.0039522970919105985,0.01701230021759936,0.008112590177852765,0.002541604152774647,0.008113482175750898,0.009487266889834778,0.008286053551646912,0.009418546037227925,0.009712802992866492,0.009874748298093433,0.0172266462554865,0.008772340144520448,0.014225861766841983,0.008878676993761506,0.020931721306718373,0.00537694847891698,0.007804189310932293,0.007116644050685155,0.008679901214813001,0.009031535045151636,0.0064722754151731775,0.006819037727064341,0.011912442786137654,0.004192248482787419,0.002671001820558457,0.006010520336128676,0.010481350684216803,0.013875305814587041,0.008066753091209673,0.010724527411061491,0.014546296230897274,0.017433672297088244,0.01686479636316684,0.010881017996874971,0.01465782950498244,0.013024553110102019,0.009803178037637087,0.004348682740150457,0.004818445948811157,0.009619609820422634,0.0064899106490915095,0.0025299106210110237,0.01785929839892814,0.009963247563207761,0.009669203623734872,0.012426312522980442,0.012230435763221307,0.011925285639016271,0.015178316726850162,0.006355780007810784,0.008286099937116114,0.028461269281872138,0.00977950057313429,0.010925443042960859,0.013201237715357254,0.01261616263396288,0.01634680494423276,0.0050562798349540975,0.01745120154110295,0.003055127383115929,0.015637579554489967,0.0038701137559218413,0.018930957079521415
NURSING,0.0012960004735992298,0.002965688622417067,0.000887024645762409,0.0009413467708161958,0.004051940808490991,0.0019322334301506588,0.0006053519779179511,0.001932445883648322,0.002259649981499771,0.0019735484383544234,0.002243282246184123,0.00231336752280655,0.0023519391905175244,0.004102993132218195,0.0020893707824868133,0.003388274900614987,0.0021146977878520523,0.004985457267378323,0.0012806661467411895,0.0018587793973587662,0.0016950218418226891,0.0020673539436828897,0.0021511050795417048,0.0015415479707678156,0.0016241388223532437,0.0028372714116596132,0.000998497703982902,0.0006361715428157287,0.0014315684721475865,0.0024964180047532714,0.003304780490662605,0.0019213160844927593,0.002554337139178016,0.003464595061013366,0.004152302000252316,0.004016808764056075,0.0025916096174844086,0.00349115973592445,0.0031021506547706437,0.0023348927914234505,0.0010357567661407367,0.0011476436180745402,0.0022911710406337657,0.0015457482801361547,0.0006025668461049471,0.00425367640284015,0.002373017691322914,0.002302983150279071,0.002959663429807035,0.002913010065702753,0.002840330285475071,0.0036151278876504675,0.0015138014292034282,0.001973559486312264,0.0012200203638314117,0.0004658506721854167,0.0026021906473776076,0.00314423288663281,0.0030048813840135146,0.0038934350555051367,0.001204290210044957,0.004156477065249799,0.0007276614661419709,0.003724513788988582,0.000921772579871324,0.004508920989705444
SOCIALAS,0.0008983107975850258,0.002055639767162732,0.0006148329674598648,0.0006524858483635726,0.00280856547014538,0.0013393098144004565,0.0004195941507590131,0.001339457074586563,0.0015662555828446065,0.0013679469320001779,0.0015549104377882734,0.0016034894020897387,0.0016302249984814611,0.0028439519183606258,0.0014482281236009682,0.002348551555660929,0.0014657833042151412,0.0034556238098795602,0.000887681950087756,0.001288395827772141,0.0011748887856677123,0.0014329673544661184,0.0014910186832924454,0.0010685097847921321,0.0011257568732556777,0.001966628559706302,0.000692099491569376,0.00044095644844989137,0.0009922785077701682,0.0017303691585293433,0.002290678174033286,0.001331742556760324,0.0017705152733652678,0.002401452172254752,0.0028781299063120745,0.002784214016963056,0.0017963503485812504,0.002419865232120918,0.002150227168649688,0.001618409443874738,0.0007179252675054925,0.0007954786089180928,0.0015881041148075202,0.0010714211905636884,0.00041766366228212934,0.0029483966402357713,0.0016448353672707564,0.001596291569868526,0.002051463460371663,0.0020191261105232078,0.001968748789932179,0.00250579261526675,0.0010492775249352283,0.0013679545897904504,0.0008456458839553466,0.0016145005245415162,0.0003607368984090258,0.0021793960802653414,0.0020828058690635196,0.0026986986666317193,0.0008347426726665405,0.0028810238141803663,0.00050437184656772,0.0025816124457971397,0.0006389181781057552,0.003125317075896914
PERFORM,0.00042576188843873624,0.0009742875979781699,0.0002914052085356651,0.00030925110521398496,0.0013311430092876543,0.0006347770474502164,0.00019887014437015727,0.0006348468426425897,0.0007423398856190584,0.000648349847979251,0.0007369627595767337,0.0007599871645321157,0.0007726587232386093,0.0013479147113063385,0.0006863997877483756,0.0011131155810684614,0.0006947202118936346,0.0016378217015574998,0.000420724257593676,0.0006106459392045045,0.0005568483307070929,0.0006791668190438376,0.0007066807301021487,0.0005064291167504376,0.0005335618513868057,0.000932099994444133,0.0003280263215250689,0.00020899498337989647,0.000470298667745236,0.0008201228824279702,0.0010856860095678595,0.0006311904826311953,0.0008391504681054135,0.001138188269141575,0.0013641136535124938,0.001319601435123115,0.0008513952172963219,0.0011469152923073102,0.0010191180851412585,0.000767058642669798,0.0003402666632447908,0.00037702371568513777,0.0007526951794139808,0.0005078090017775816,0.0001979551732691343,0.001397417157611746,0.0007795834292793691,0.0007565756919689368,0.0009723082025719864,0.0009569816461333956,0.0009331048952282724,0.0011876412916108033,0.0004973138269224259,0.0006483534774527655,0.00040080091374966955,0.0007652059777774895,0.0008548712957088892,0.00020658858677515216,0.0009871631983582306,0.0012790707222056588,0.0003956332458992458,0.0013654852452625692,0.0002390512397794923,0.0012235767321226029,0.0003028205948313736,0.0014812700724303085
AMUSE,0.0009450978182925793,0.002162704338369125,0.0006468555178483994,0.0006864694862991753,0.0029548449217154517,0.0014090655339004804,0.0004414480127777117,0.0014092204638879464,0.0016478313944510963,0.0014391941680418538,0.001635895356423079,0.0016870044751152462,0.001715132550485704,0.0029920744141085755,0.0015236566717051854,0.0024708719491849363,0.0015421261846430131,0.003635604216644121,0.0009339153849881598,0.0013554997771352735,0.0012360809099212391,0.0015076010708445623,0.001568675906380594,0.0011241613360833892,0.0011843900437377446,0.002069057130524339,0.0007281463400886144,0.0004639229301399899,0.0010439596800498644,0.001820492552202747,0.0024099843289308526,0.0014011041482582577,0.0018627296105197086,0.0025265278062263537,0.003028032505599162,0.002929225163679882,0.0018899102625698572,0.002545899879627216,0.00226221816701686,0.0017027016024098811,0.0007553172085214036,0.0008369097864659103,0.0016708178707870787,0.001127224377572214,0.00043941697802599036,0.0031019589652480513,0.0017305038759827752,0.0016794317557991781,0.0021583105155993545,0.002124288928779625,0.0020712877894078136,0.002636302647311893,0.0011039273960256047,0.0014392022246753698,0.0008896899404113544,0.0016985890935280537,0.001897626392672479,0.0022929062927791615,0.00043825706828211553,0.0028392558888521214,0.0008782188535345896,0.0030310771378355937,0.0005306412135764553,0.0027160714273490746,0.0006721951665487634,0.003288094006933212
ACCOMM,0.0011790329218303462,0.002698027194401086,0.0008069682697910724,0.000856387675977189,0.003686242179565811,0.0017578441314005991,0.0005507173228712046,0.0017580374103948635,0.002055710452483546,0.0017954303482502335,0.002040819949597109,0.0021045798402427826,0.0021396703105069173,0.003732686892848321,0.0019007994122262708,0.0030824739168049697,0.0019238405867823727,0.004535506250466922,0.0011650825594901795,0.0016910195239509351,0.0015420415311888727,0.0018807696527367807,0.0019569620218213347,0.0014024190925396736,0.0014775558961480774,0.0025811999846145216,0.0009083805826848062,0.0005787553385904824,0.0013023655414483458,0.0022711095205697634,0.003006515103418688,0.0017479121057479253,0.002323801296291914,0.0031519059760843618,0.0037775455020345977,0.0036542808972640107,0.002357709832512891,0.0031760731171587057,0.0028221731588527156,0.0021241623950855938,0.000942276913600959,0.0010440656742049968,0.00208438665068487,0.0014062403126148414,0.0005481835567452949,0.0038697705903094504,0.0021588464195428677,0.00209513268545244,0.0026925457917378083,0.00265010302006171,0.002583982786785985,0.00328885280753761,0.001377176751477487,0.001795440399099966,0.0011099102226913924,0.00211903193846074,0.002367335895809232,0.0028604573553482606,0.002733682703145869,0.0007084083999908264,0.0010955997578748346,0.0037813437561117305,0.0006619880486201325,0.003388366335108746,0.0008385801087638037,0.004101978662114701
FOODSVC,0.004412016052722289,0.010096189064762794,0.0030197265016388146,0.0032046570573273383,0.013794152283057779,0.006577964348852243,0.002060819188363278,0.006578687611120462,0.007692599034492001,0.006718614358730041,0.0076368778272621965,0.007875471386305332,0.008006782154000093,0.013967951349031615,0.0071129120862276725,0.011534813109313835,0.007199133624348323,0.016972152357898045,0.004359812911108093,0.006327902424943381,0.0057704173171075675,0.0070379594544872385,0.007323076137212375,0.005247941286765525,0.005529107976458877,0.00965901422814085,0.003399217815364175,0.0021657392233762895,0.0048735345459753575,0.008498636023401932,0.011250570406840566,0.006540798078255134,0.008695811993663788,0.011794632283522037,0.014135815112772326,0.013674551135396675,0.008822699889125622,0.011885067259843887,0.01056075114602425,0.00794875054986395,0.003526060037800414,0.003906960042759175,0.007799907188872351,0.005262240534903951,0.0020513376746460837,0.014480927248657982,0.008078540371543352,0.00784011953326052,0.010075677307971244,0.009916853761580132,0.009669427650552318,0.01230709602185701,0.005153482843822502,0.006718651969647889,0.00415335452380152,0.007929552055430469,0.008858721229159148,0.0733502993264304,0.0525745762730018,0.11353509624852977,0.0008199607711714039,0.014150028420687943,0.00247720130892375,0.012679481960347412,0.003138020010175663,0.015349864596722867
OTHSVC,0.0024937482037125976,0.00570654164530071,0.0017068019357088955,0.0018113279019676262,0.007796694768684832,0.0037179798493512674,0.0011648108455966353,0.0037183886497637393,0.004347990758625913,0.0037974776810213275,0.004316496163235154,0.0044513533922595355,0.004525572521826139,0.007894929023365697,0.004020341613954771,0.0065196769748295585,0.004069075526805574,0.00959295568055107,0.0024642420801915307,0.0035766405010549548,0.0032615402227129725,0.003977977082971048,0.004139129990598299,0.0029662276838239928,0.003125147986694148,0.005459442824601349,0.0019212970260754035,0.0012241134740822504,0.0027546064825078108,0.004803576882792396,0.00635901805604032,0.0036969728268398585,0.004915024170331707,0.006666531290686368,0.007989808542001748,0.007729094120006816,0.004986743415592742,0.006717646712085675,0.005969120212970228,0.004492772049923102,0.0019929904561480603,0.002208281763298664,0.00440864319371046,0.0029743098675544064,0.0011594517291477866,0.008184871923154513,0.00456613151435059,0.004431371910103773,0.0056949480436359196,0.005605178213067031,0.005465328672051311,0.006956184708006136,0.002912838129117066,0.0037974989393661984,0.0023475482091052076,0.004481920726982439,0.00500710330343778,0.006050094326986599,0.005781955876098208,0.00749169994434743,0.0023172804402670113,0.0015995684301647244,0.0014001572615655975,0.007166663716718103,0.0017736634840123308,0.008676010424234664
FEDGOV,0.006143135818901765,0.014057578199399307,0.0042045608660145955,0.00446205166094464,0.01920649199115044,0.009158925970353123,0.002869412083055126,0.009159933015271649,0.010710904063932127,0.00935476209227205,0.010633319816750014,0.010965529088249099,0.011148361578157075,0.01944848369170574,0.009903768366083704,0.016060667669702083,0.010023820200179584,0.02363142740818678,0.006070450002423039,0.008810748551379276,0.008034525914488054,0.009799406960489655,0.010196393391473858,0.00730704868454203,0.007698535284295339,0.013448871348408203,0.004732951210575994,0.0030154990459099343,0.006785737920324119,0.011833201589317855,0.015664898138050543,0.009107176963678675,0.012107742468378107,0.016422430740471297,0.019682211286394552,0.01903996356391923,0.012284416706704073,0.016548349217576905,0.014704418085609586,0.011067560415664228,0.004909561855389124,0.005439913612028416,0.010860316160116009,0.007326958454219391,0.0028562103571689373,0.020162733274112332,0.011248275193888038,0.010916306412694659,0.014029018351395804,0.013807878037067562,0.013463370631150787,0.017135967207527306,0.00717552807416643,0.009354814460389903,0.0213459519614041,0.011040829107932349,0.012334571552371115,0.014903890903064548,0.014243354719168754,0.018455163277538787,0.005708422547974832,0.019702001395931357,0.000689833577649392,0.01765446427776898,0.004369268582566962,0.021372611045065878
FEDGOVE,0.0005941951629859285,0.0013597200543211823,0.0004066863899343897,0.00043159220178215474,0.0018577490349399128,0.0008858976376503019,0.0002775440476374722,0.00088599504412757,0.0010360128074024223,0.0009048398977292844,0.001028508466662035,0.001060641427423942,0.001078325910453883,0.0018811556959989558,0.0009579425609235572,0.0015534689977548856,0.0009695545814339734,0.002285751165909917,0.0005871646232351302,0.0008522201569117809,0.000777139978019789,0.0009478481980062348,0.000986246733219482,0.0007067747013989624,0.0007446412651222453,0.0013008428493890645,0.00045779497619432695,0.0002916743174642511,0.0006563508879521426,0.001144567099652222,0.0015151881671991005,0.0008808922120237561,0.001171122081861401,0.001588460551439341,0.0019037630109460077,0.0018416415633036877,0.0011882109076553063,0.0016006400233299824,0.001422285679263075,0.0010705104133963113,0.0004748776509020706,0.0005261759548572801,0.0010504647009403909,0.0007087004750082731,0.00027626710994703354,0.0019502415276559531,0.001087990060642636,0.0010558803613192854,0.001356957601391673,0.001335567791856497,0.0013022452933405559,0.0016574774069733195,0.0006940533628477811,0.0009048449630384748,0.0005593595169912969,0.001067924826129024,0.0011930621379673508,0.0014415796989255122,0.0013776892988076402,0.001785076722199106,0.0005521474970242221,0.0019056772104213877,0.0003336209610109398,0.0003415258131419133,0.00042261775322620273,0.0020672670241609794
SLGOV,0.008622847916402096,0.0197320004733381,0.005901756036606931,0.006263184471531584,0.02695930292436425,0.012855979103854382,0.004027666770046151,0.012857392648244974,0.015034422079076095,0.013130865602480874,0.014925520504394725,0.015391827958600984,0.01564846183438194,0.027298975966347047,0.013901481415607212,0.02254364852647444,0.014069992862856796,0.03317038896670848,0.00852082205214445,0.012367257867625292,0.011277708499924969,0.01375499392854717,0.014312226215145711,0.010256580902978644,0.010806093319844869,0.01887758560176414,0.006643434182095626,0.0042327225754851565,0.009524840051148021,0.01660974145400823,0.021988124347621596,0.012783341313069152,0.016995102337563482,0.023051439340966182,0.02762704904861018,0.026725554339910997,0.01724309214810023,0.02322818553541069,0.020639940999069666,0.015535044818026785,0.006891334729232411,0.007635766022062736,0.015244145227032602,0.01028452736567124,0.004009136091593565,0.028301536499763164,0.015788706155625023,0.015322736267019235,0.019691912278463418,0.019381507404657668,0.018897937603359408,0.0240529989059199,0.08828686674650318,0.013130939109290626,0.014230634640936069,0.015497523264218827,0.01731349228562069,0.020919932166297003,0.019992766753562846,0.025904696055220097,0.008012660133981428,0.02765482754965841,0.004841444339709938,0.024780790300021508,0.001226589794009278,0.02999978838998965
SLGOVE,0.0015065420667832205,0.003447479192845832,0.001031126122510815,0.0010942731415264082,0.004710198340556315,0.0022461341679007657,0.0007036943570020947,0.0022463811355045477,0.0026267411337289755,0.0022941610005419648,0.00260771438004075,0.0026891853514213328,0.0027340231745366173,0.004769544363083966,0.0024287992489557906,0.003938716671473017,0.0024582407497774758,0.005795369097818845,0.0014887166037930073,0.0021607471694928613,0.0019703864009635594,0.002403205667385886,0.002500562583438372,0.001791979951578472,0.0018879880895225432,0.0032981999803407777,0.0011607085223194744,0.0007395207104211721,0.0016641337474062193,0.0029019732762835863,0.003841658187701656,0.0022334432462334597,0.002969301656373001,0.004027435413885574,0.004826863697044208,0.004669358924281791,0.003012629230433139,0.0040583156497027905,0.0036061101474229146,0.0027142075048315925,0.0012040205007123365,0.001334083917039718,0.0026633829425417783,0.0017968626216745194,0.0007004567669523211,0.004944706865395408,0.002758525980526998,0.002677113986967007,0.0034404751783316443,0.00338624274785663,0.003301755783115425,0.004202423031853613,0.0017597258491101222,0.0022941738432944014,0.0014182186178834462,0.002707651921366501,0.0030249292002006846,0.0036550288429449997,0.0034930390095752766,0.004525942555496946,0.001399933023951177,0.004831717021698321,0.0008458736176812803,0.004329579205972286,0.0010715190278648605,0.0010482834358737567
