sector,label,gross_output_bn,value_added_bn,final_demand_bn,va_share,domar_weight,final_demand_share,leontief_row_mult,domar_leontief_mult
FARM,Farms,220.0,122.0,0.0,0.006548577563070317,0.011808910359634998,0.0,2.7769943383559443,0.03279327721085925
FOREST,"Forestry, fishing, and related activities",55.0,36.0,0.0,0.001932367149758454,0.0029522275899087494,0.0,2.31734784185117,0.006841338234128521
OILGAS,Oil and gas extraction,305.0,187.0,0.0,0.010037573805689749,0.01637144390767579,0.0,4.073608277736093,0.06669084942080024
MINE,"Mining, except oil and gas",137.0,83.0,0.0,0.004455179817498658,0.0073537305421363395,0.0,2.8348823849911184,0.020846961177873498
MINE_SUP,Support activities for mining,102.0,43.0,0.0,0.0023081052066559315,0.005475040257648953,0.0,2.641286048742981,0.014461147448834354
UTIL,Utilities,525.0,274.0,0.0,0.014707461084272679,0.02818035426731079,0.0,3.311291114607759,0.09331335669184507
CONST,Construction,1435.0,837.0,910.4741480142335,0.04492753623188406,0.07702630166398282,0.04603555333547545,2.754469442982221,0.2121665942393713
WOOD,Wood products,152.0,58.0,0.0,0.0031132581857219537,0.008158883521202361,0.0,1.9558641808279045,0.015957668034666746
NMMIN,Nonmetallic mineral products,91.0,42.0,0.0,0.0022544283413848632,0.004884594739667203,0.0,1.2980573760797753,0.006340484230985483
PMETAL,Primary metals,232.0,68.0,0.0,0.0036500268384326356,0.012453032742887815,0.0,2.8035721510992087,0.03491297579468687
FABMETAL,Fabricated metal products,362.0,133.0,77.79367954046126,0.0071390230810520665,0.01943102522812668,0.003933417649977913,2.0298782229668704,0.039442614960494206
MACH,Machinery,363.0,133.0,220.89255557830043,0.0071390230810520665,0.019484702093397744,0.011168808083033405,1.6466585838845467,0.03208465195652659
COMPELEC,Computer and electronic products,513.0,279.0,123.29698065550531,0.01497584541062802,0.02753623188405797,0.006234163530561733,2.28209834321103,0.06284038916088343
ELECEQUIP,"Electrical equipment, appliances, and components",167.0,68.0,34.78513514040361,0.0036500268384326356,0.008964036500268384,0.0017588120953575255,1.4819308240631923,0.013284081997775261
MOTVEH,"Motor vehicles, bodies, trailers, and parts",623.0,133.0,442.96379694669474,0.0071390230810520665,0.03344068706387547,0.02239721308342463,1.6918462050580965,0.0565764995035531
OTRTRANS,Other transportation equipment,292.0,93.0,162.9574416464119,0.00499194847020934,0.015673644659151907,0.008239482705453759,1.462932848972281,0.022929489634992275
FURN,Furniture and related products,122.0,47.0,97.15170328893475,0.002522812667740204,0.006548577563070317,0.004912201437179218,1.1171049043469623,0.0073154481122023295
MISCMFG,Miscellaneous manufacturing,197.0,83.0,157.28811383395959,0.004455179817498658,0.01057434245840043,0.007952829159654937,1.1870725635163544,0.012552511809593226
FOOD,"Food, beverage, and tobacco products",1025.0,257.0,521.1637357235983,0.01379495437466452,0.055018786902844875,0.02635117208406918,2.640289856480867,0.14526554497546368
TEXTILE,Textile mills and textile product mills,91.0,32.0,39.789438153075274,0.0017176596886741813,0.004884594739667203,0.0020118405407551043,1.6311617098898386,0.007967563907674466
APPAREL,Apparel and leather and allied products,66.0,27.0,52.52962603004357,0.0014492753623188406,0.003542673107890499,0.0026560121515507833,1.0634585302587478,0.0037674859365044206
PAPER,Paper products,187.0,68.0,43.753801123180125,0.0036500268384326356,0.010037573805689749,0.002212287355581738,1.8146450978843933,0.018214634101147695
PRINT,Printing and related support activities,96.0,42.0,76.43296682446928,0.0022544283413848632,0.0051529790660225444,0.003864617055312013,1.092151727488217,0.005627834988667141
PETRO,Petroleum and coal products,763.0,104.0,368.12438628642536,0.0055823939881910895,0.040955448201825013,0.01861316969398781,3.861396497740152,0.1581452242499053
CHEM,Chemical products,783.0,287.0,231.39795760344055,0.015405260332796565,0.042028985507246375,0.011699984060180853,3.355754224548901,0.14103894566944655
PLASTIC,Plastics and rubber products,267.0,93.0,65.58252756392068,0.00499194847020934,0.014331723027375202,0.0033159952450368324,1.6632629471081057,0.023837423879649183
WHOLE,Wholesale trade,1683.0,1063.0,1183.3064137750216,0.057058507783145467,0.09033816425120773,0.05983054614165562,2.934838228616692,0.26512789794749825
RETAIL,Retail trade,1382.0,1003.0,1095.4206178856903,0.053837895866881376,0.07418142780461622,0.05538684913727811,2.3472812358180644,0.17412467353196806
AIRTRANS,Air transportation,237.0,113.0,132.3003511719608,0.0060654857756307036,0.012721417069243157,0.006689393527496094,1.3652311585991188,0.01736767496446544
RAILTRANS,Rail transportation,96.0,52.0,31.283426987231593,0.0027911969940955447,0.0051529790660225444,0.001581758114415609,1.3891670593824537,0.007158348776205881
WATERTRANS,Water transportation,51.0,22.0,0.0,0.0011808910359634996,0.0027375201288244765,0.0,1.1507458239675157,0.003150189856271782
TRUCK,Truck transportation,382.0,184.0,186.12330444237642,0.009876543209876543,0.02050456253354804,0.009410799117492357,1.5982630991818128,0.032771685662235775
TRANSIT,Transit and ground passenger transportation,66.0,37.0,52.54043665079528,0.001986044015029522,0.003542673107890499,0.0026565587600506403,1.0632844234108998,0.0037668691328566497
PIPE,Pipeline transportation,66.0,32.0,0.0,0.0017176596886741813,0.003542673107890499,0.0,2.011112883879321,0.007124715530651379
OTHERTRANS,Other transportation and support activities,132.0,57.0,36.03894753124452,0.0030595813204508855,0.007085346215780998,0.0018222075770602461,1.3365977303676455,0.009470257670881868
WAREHOUSE,Warehousing and storage,107.0,57.0,9.202968153140176,0.0030595813204508855,0.005743424584004294,0.00046532208759862936,1.2525176356467422,0.007193740580472433
PUBLISH,Publishing industries (including software),382.0,207.0,115.73896958902867,0.011111111111111112,0.02050456253354804,0.0058520140512824375,1.832259778565991,0.03756968520731125
MOVIE,Motion picture and sound recording industries,96.0,57.0,76.46863453194428,0.0030595813204508855,0.0051529790660225444,0.003866420492184329,1.0917463433330759,0.005625746052602001
BROADCAST,Broadcasting and telecommunications,623.0,337.0,461.2283941502544,0.01808910359634997,0.03344068706387547,0.023320710846155508,1.6665324601652833,0.055729990482177756
INFODATA,Information and data processing services,197.0,123.0,156.99102861591675,0.006602254428341385,0.01057434245840043,0.007937807884827725,1.1888603495134207,0.012571416470968539
CREDIT,"Federal Reserve banks, credit intermediation",953.0,613.0,645.1919266448506,0.03290391841116479,0.05115405260332796,0.0326223071961543,2.1553946722601105,0.11025717244572653
SECURIT,"Securities, commodity contracts, and investments",723.0,512.0,461.7967728800415,0.0274825550187869,0.038808373590982284,0.02334944931103881,2.05973607877341,0.07993500724386342
INSURE,Insurance carriers and related activities,778.0,410.0,534.5174001113105,0.02200751476113795,0.04176060118089103,0.027026362401647484,1.9481963065699637,0.08135784898075317
FUNDS,"Funds, trusts, and other financial vehicles",117.0,88.0,93.14400982910061,0.0047235641438539986,0.006280193236714976,0.0047095637385418405,1.1125226815254334,0.006986857420208036
REALE,Real estate,2853.0,2483.0,2043.700044085865,0.13327965646806225,0.15314009661835748,0.10333391956973782,4.290231322660027,0.6570064392672601
RENTAL,Rental and leasing services,362.0,184.0,252.89169150693232,0.009876543209876543,0.01943102522812668,0.012786753998295828,1.5164030657739247,0.02946526622706177
LEGAL,Legal services,332.0,226.0,164.7039375162401,0.012130971551261407,0.017820719269994633,0.008327789335511319,1.554364222402925,0.02769988845076603
COMPDES,Computer systems design and related services,623.0,410.0,189.54139567428746,0.02200751476113795,0.03344068706387547,0.009583625245016521,2.279651298231063,0.07623310567890243
MISCPROF,"Misc. professional, scientific, and technical svcs",983.0,614.0,674.2590773147008,0.03295759527643586,0.05276435856146001,0.0340920055592442,2.2326155941979007,0.11780252974216512
MGMT,Management of companies and enterprises,462.0,257.0,276.36253628655527,0.01379495437466452,0.024798711755233495,0.013973490962807759,1.6436072598299538,0.04075934267533219
ADMIN,Administrative and support services,723.0,461.0,450.58119248352347,0.024745034889962426,0.038808373590982284,0.02278236517069467,1.9156809263469814,0.07434446107079266
WASTE,Waste management and remediation services,107.0,62.0,85.24663208867891,0.0033279656468062266,0.005743424584004294,0.0043102551420566865,1.1022054366021705,0.0063304338012040925
EDUC,Educational services,212.0,154.0,168.85952472419598,0.008266237251744498,0.011379495437466452,0.008537904863743848,1.2038243891368925,0.013698914143694106
AMBULAT,Ambulatory health care services,1153.0,717.0,885.3210776122568,0.038486312399355876,0.0618894256575416,0.04476375938441528,2.2074471091333216,0.13661763375366184
HOSPITAL,Hospitals,1163.0,665.0,898.1167304823146,0.03569511540526033,0.06242619431025228,0.045410735425905874,2.1750338231416158,0.1357790840748094
NURSING,Nursing and residential care facilities,277.0,164.0,220.89191403277667,0.00880300590445518,0.014868491680085883,0.01116877564509627,1.2654176142747093,0.018814851269677642
SOCIALAS,Social assistance,192.0,134.0,153.0284693520398,0.007192699946323135,0.010305958132045089,0.007737452269311294,1.1838978872734212,0.012201202058856515
PERFORM,"Performing arts, spectator sports, museums",91.0,52.0,72.47300830120913,0.0027911969940955447,0.004884594739667203,0.003664392938898152,1.0870712943226646,0.005309902725891705
AMUSE,"Amusements, gambling, and recreation industries",202.0,123.0,161.06133842804934,0.006602254428341385,0.01084272678475577,0.008143611602436861,1.1931814980362434,0.01293734098783259
ACCOMM,Accommodation,252.0,113.0,201.2003188981467,0.0060654857756307036,0.01352657004830918,0.010173125763045281,1.240094151763224,0.016774220410323806
FOODSVC,Food services and drinking places,943.0,461.0,713.799950453451,0.024745034889962426,0.050617283950617285,0.03609127811221046,2.1475370121686956,0.10870249073940312
OTHSVC,"Other services, except government",533.0,278.0,427.45459593318867,0.014922168545356952,0.028609769189479335,0.021613034145444826,1.5056171659545279,0.043075359605677044
FEDGOV,Federal general government,1313.0,921.0,1030.1202485829442,0.049436392914653786,0.0704777241009125,0.052085120427660954,2.296788037428375,0.16187239362015332
FEDGOVE,Federal government enterprises,127.0,72.0,101.21219705883564,0.003864734299516908,0.006816961889425657,0.005117508834341818,1.121239032725507,0.007643443755026269
SLGOV,State and local general government,1843.0,1329.0,1451.605625436431,0.0713365539452496,0.09892646269457864,0.07339633787252829,2.874974093329736,0.28441101739166413
SLGOVE,State and local government enterprises,322.0,154.0,257.52705541607133,0.008266237251744498,0.01728395061728395,0.013021128080123323,1.3058016466659366,0.02256941117694211
